,role,operator,primaryweapon,secondaryweapon,nbwins,nbkills,nbdeaths,nbpicks,win_ratio,k/d_ratio
351,Defender,SAS-SMOKE,SG,SMG,2,5,1,3,1.6666666,5.0
383,Attacker,GIGN-TWITCH,AR,Pistol,3,7,1,4,1.75,7.0
1739,Defender,GIGN-DOC,SMG,Pistol,4,8,1,5,1.6,8.0
2036,Defender,GIGN-RESERVE,SMG,Pistol,2,5,1,3,1.6666666,5.0
2085,Defender,SAS-RESERVE,SMG,Pistol,2,5,1,3,1.6666666,5.0
3479,Attacker,SAS-RESERVE,SG,Pistol,2,5,1,3,1.6666666,5.0
4536,Attacker,SPETSNAZ-FUZE,LMG,Pistol,3,10,2,5,2.0,5.0
4906,Attacker,BOPE-CAPITAO,AR,Pistol,2,5,1,3,1.6666666,5.0
4907,Attacker,G.E.O.-JACKAL,AR,SG,2,5,1,3,1.6666666,5.0
5171,Defender,SAS-RESERVE,SG,Pistol,3,6,1,3,2.0,6.0
5638,Defender,SAS-RESERVE,SG,Pistol,2,5,1,3,1.6666666,5.0
6076,Attacker,SWAT-RESERVE,AR,Pistol,0,5,1,2,2.5,5.0
6907,Defender,SAT-ECHO,SMG,Pistol,5,8,1,5,1.6,8.0
6908,Defender,SAT-ECHO,SMG,Pistol,3,7,1,4,1.75,7.0
7062,Attacker,SWAT-THERMITE,SG,Pistol,2,7,1,4,1.75,7.0
7118,Defender,GSG9-RESERVE,SG,Pistol,1,5,1,2,2.5,5.0
7936,Attacker,SWAT-ASH,AR,Pistol,4,8,1,5,1.6,8.0
8029,Attacker,SAS-RESERVE,AR,SMG,2,5,1,3,1.6666666,5.0
8509,Attacker,SAS-RESERVE,AR,SMG,2,5,1,2,2.5,5.0
8626,Defender,GSG9-RESERVE,SMG,Pistol,2,6,1,3,2.0,6.0
9447,Attacker,SPETSNAZ-GLAZ,SR,Pistol,7,21,2,8,2.625,10.5
9448,Attacker,SWAT-ASH,AR,Pistol,2,6,1,3,2.0,6.0
9465,Defender,GIGN-ROOK,SMG,Pistol,1,5,1,2,2.5,5.0
10772,Attacker,GSG9-RESERVE,SG,Pistol,3,6,1,3,2.0,6.0
11041,Attacker,GIGN-RESERVE,AR,Pistol,3,5,1,3,1.6666666,5.0
11492,Defender,SWAT-PULSE,SG,Pistol,3,11,2,6,1.8333334,5.5
11623,Attacker,SWAT-RESERVE,AR,Pistol,2,5,1,2,2.5,5.0
12208,Defender,GSG9-RESERVE,SMG,Pistol,2,6,1,3,2.0,6.0
12556,Defender,GSG9-BANDIT,SMG,Pistol,10,31,6,14,2.2142856,5.1666665
12894,Attacker,GSG9-RESERVE,SG,Pistol,3,7,1,4,1.75,7.0
13011,Defender,NAVYSEAL-VALKYRIE,SG,Pistol,4,6,1,4,1.5,6.0
14107,Attacker,BOPE-CAPITAO,AR,Pistol,2,6,1,3,2.0,6.0
14118,Attacker,GIGN-TWITCH,AR,Pistol,6,17,2,8,2.125,8.5
14124,Attacker,GSG9-RESERVE,SG,Pistol,2,6,1,2,3.0,6.0
14141,Attacker,SWAT-ASH,AR,Pistol,4,9,1,4,2.25,9.0
14171,Defender,SWAT-PULSE,SG,Pistol,2,7,1,3,2.3333333,7.0
14504,Attacker,JTAR-BUCK,SR,Pistol,2,5,1,3,1.6666666,5.0
14531,Attacker,SPETSNAZ-FUZE,LMG,Pistol,5,11,2,7,1.5714285,5.5
14897,Defender,SAS-RESERVE,SG,SMG,4,10,2,5,2.0,5.0
15362,Defender,BOPE-CAVEIRA,SG,Pistol,2,8,1,3,2.6666667,8.0
15789,Defender,SWAT-CASTLE,SMG,Pistol,2,5,1,3,1.6666666,5.0
15902,Attacker,SPETSNAZ-RESERVE,LMG,Pistol,1,5,1,2,2.5,5.0
16005,Defender,SAS-RESERVE,SMG,SMG,3,6,1,4,1.5,6.0
17148,Defender,GIGN-DOC,SMG,Pistol,4,6,1,4,1.5,6.0
17272,Attacker,SPETSNAZ-GLAZ,SR,Pistol,3,5,1,3,1.6666666,5.0
17282,Defender,BOPE-CAVEIRA,SMG,Pistol,2,6,1,3,2.0,6.0
17294,Defender,JTAR-FROST,SMG,Pistol,3,8,1,4,2.0,8.0
18458,Defender,SPETSNAZ-TACHANKA,SMG,Pistol,1,5,1,2,2.5,5.0
18479,Attacker,BOPE-CAPITAO,LMG,Pistol,6,8,1,6,1.3333334,8.0
18735,Defender,BOPE-CAVEIRA,SMG,Pistol,7,15,1,8,1.875,15.0
18754,Defender,SAS-SMOKE,SG,SMG,3,10,2,5,2.0,5.0
19097,Attacker,SPETSNAZ-FUZE,LMG,Pistol,3,7,1,3,2.3333333,7.0
19364,Defender,G.E.O.-MIRA,SG,Pistol,1,6,1,2,3.0,6.0
19781,Attacker,GSG9-RESERVE,AR,Pistol,4,7,1,4,1.75,7.0
19942,Defender,SAS-SMOKE,SG,Pistol,2,5,1,3,1.6666666,5.0
20140,Defender,GIGN-ROOK,SG,Pistol,3,6,1,3,2.0,6.0
20150,Defender,GSG9-RESERVE,AR,Pistol,2,7,1,3,2.3333333,7.0
20864,Attacker,SPETSNAZ-RESERVE,AR,Pistol,1,7,1,2,3.5,7.0
20991,Defender,SPETSNAZ-TACHANKA,SG,Pistol,4,6,1,4,1.5,6.0
21385,Attacker,SWAT-RESERVE,AR,Pistol,1,5,1,2,2.5,5.0
21762,Attacker,NAVYSEAL-BLACKBEARD,AR,Pistol,2,6,1,3,2.0,6.0
21775,Attacker,SPETSNAZ-GLAZ,SR,Pistol,2,6,1,3,2.0,6.0
22139,Attacker,SAS-SLEDGE,AR,Pistol,1,5,1,2,2.5,5.0
23027,Defender,SPETSNAZ-RESERVE,SMG,Pistol,1,5,1,2,2.5,5.0
23223,Defender,GSG9-RESERVE,SMG,Pistol,2,7,1,2,3.5,7.0
23288,Attacker,BOPE-CAPITAO,AR,Pistol,3,8,1,4,2.0,8.0
23300,Attacker,GIGN-TWITCH,AR,Pistol,7,14,3,8,1.75,4.6666665
23301,Attacker,GIGN-TWITCH,AR,Pistol,2,6,1,2,3.0,6.0
23345,Defender,JTAR-FROST,SMG,Pistol,3,5,1,3,1.6666666,5.0
23667,Attacker,GSG9-RESERVE,AR,Pistol,3,5,1,3,1.6666666,5.0
24086,Defender,SWAT-RESERVE,SMG,Pistol,2,9,1,3,3.0,9.0
24256,Defender,GSG9-RESERVE,AR,Pistol,3,7,1,4,1.75,7.0
24865,Attacker,SPETSNAZ-GLAZ,SR,Pistol,2,5,1,2,2.5,5.0
24867,Attacker,SPETSNAZ-GLAZ,SR,Pistol,3,6,1,4,1.5,6.0
24884,Defender,GIGN-DOC,SMG,Pistol,4,12,1,5,2.4,12.0
24895,Defender,JTAR-FROST,SMG,Pistol,6,11,2,7,1.5714285,5.5
26040,Attacker,SAT-HIBANA,SG,SMG,3,5,1,3,1.6666666,5.0
27161,Defender,GSG9-RESERVE,SG,Pistol,2,5,1,2,2.5,5.0
27906,Defender,GSG9-RESERVE,AR,Pistol,2,6,1,3,2.0,6.0
28035,Defender,GIGN-DOC,SMG,Pistol,2,9,1,3,3.0,9.0
28541,Defender,SWAT-PULSE,SMG,Pistol,3,11,2,5,2.2,5.5
29209,Defender,GIGN-RESERVE,SMG,Pistol,2,6,1,3,2.0,6.0
29557,Attacker,GSG9-IQ,AR,Pistol,3,12,2,4,3.0,6.0
30004,Defender,G.E.O.-MIRA,SMG,Pistol,9,14,2,11,1.2727273,7.0
31124,Attacker,GIGN-MONTAGNE,Shield,Pistol,3,7,1,4,1.75,7.0
31127,Attacker,GIGN-TWITCH,AR,Pistol,3,6,1,3,2.0,6.0
31149,Attacker,SWAT-ASH,AR,Pistol,2,5,1,3,1.6666666,5.0
31154,Attacker,SWAT-THERMITE,AR,Pistol,10,20,2,10,2.0,10.0
31162,Defender,GIGN-DOC,SMG,Pistol,9,23,5,14,1.6428572,4.6
31603,Defender,GSG9-JAGER,SG,Pistol,1,5,1,2,2.5,5.0
32048,Defender,G.E.O.-MIRA,SG,Pistol,3,5,1,3,1.6666666,5.0
32467,Attacker,SAS-RESERVE,SG,SMG,1,5,1,2,2.5,5.0
32524,Attacker,SWAT-THERMITE,SG,Pistol,1,7,1,2,3.5,7.0
32671,Attacker,NAVYSEAL-BLACKBEARD,AR,Pistol,3,6,1,4,1.5,6.0
33127,Defender,GIGN-ROOK,SMG,Pistol,9,20,1,10,2.0,20.0
33144,Defender,GSG9-RESERVE,SG,Pistol,5,9,1,6,1.5,9.0
33200,Defender,SWAT-RESERVE,SMG,Pistol,2,5,1,3,1.6666666,5.0
33943,Defender,SPETSNAZ-TACHANKA,SG,Pistol,4,10,2,5,2.0,5.0
34247,Attacker,SWAT-THERMITE,AR,Pistol,2,5,1,3,1.6666666,5.0
34968,Defender,GSG9-RESERVE,SMG,Pistol,3,6,1,4,1.5,6.0
35657,Attacker,SPETSNAZ-FUZE,LMG,Pistol,3,7,1,5,1.4,7.0
35687,Attacker,SWAT-RESERVE,AR,Pistol,2,5,1,2,2.5,5.0
35861,Attacker,SPETSNAZ-GLAZ,SR,Pistol,1,5,1,2,2.5,5.0
36333,Defender,GSG9-RESERVE,AR,Pistol,2,7,1,2,3.5,7.0
37149,Defender,SPETSNAZ-KAPKAN,SG,Pistol,3,7,1,3,2.3333333,7.0
37457,Attacker,SPETSNAZ-GLAZ,SR,Pistol,2,5,1,3,1.6666666,5.0
37461,Attacker,SWAT-ASH,AR,Pistol,3,6,1,3,2.0,6.0
37481,Defender,GIGN-ROOK,SMG,Pistol,3,5,1,3,1.6666666,5.0
37550,Attacker,GIGN-TWITCH,SG,Pistol,2,5,1,2,2.5,5.0
37704,Defender,GSG9-RESERVE,SMG,Pistol,6,10,2,7,1.4285715,5.0
38515,Attacker,GIGN-TWITCH,AR,Pistol,4,8,1,5,1.6,8.0
38556,Attacker,SAS-SLEDGE,SG,Pistol,4,7,1,5,1.4,7.0
38628,Defender,GIGN-DOC,SG,Pistol,2,5,1,3,1.6666666,5.0
38631,Defender,GIGN-RESERVE,SMG,Pistol,3,6,1,3,2.0,6.0
38656,Defender,GSG9-RESERVE,SMG,Pistol,2,8,1,3,2.6666667,8.0
38993,Attacker,SPETSNAZ-GLAZ,SR,Pistol,3,5,1,3,1.6666666,5.0
39035,Defender,SWAT-PULSE,SMG,Pistol,10,20,2,10,2.0,10.0
39346,Attacker,SAS-RESERVE,AR,SMG,2,5,1,2,2.5,5.0
39788,Attacker,SAS-RESERVE,AR,SMG,3,6,1,3,2.0,6.0
40073,Attacker,SWAT-ASH,AR,Pistol,5,15,3,7,2.142857,5.0
40216,Defender,SWAT-RESERVE,SMG,Pistol,2,5,1,2,2.5,5.0
40251,Attacker,GSG9-RESERVE,AR,Pistol,2,6,1,3,2.0,6.0
40450,Attacker,G.E.O.-JACKAL,AR,SG,7,16,3,8,2.0,5.3333335
40454,Attacker,G.E.O.-JACKAL,SMG,Pistol,3,6,1,3,2.0,6.0
40459,Attacker,GIGN-TWITCH,AR,Pistol,5,8,1,6,1.3333334,8.0
40471,Attacker,SAS-SLEDGE,AR,SMG,1,6,1,2,3.0,6.0
40496,Defender,G.E.O.-MIRA,SMG,SG,7,19,3,10,1.9,6.3333335
40604,Attacker,SAT-HIBANA,SG,SMG,6,15,3,9,1.6666666,5.0
40789,Attacker,BOPE-CAPITAO,LMG,Pistol,2,6,1,4,1.5,6.0
40935,Defender,SAS-RESERVE,SMG,Pistol,2,6,1,3,2.0,6.0
41072,Attacker,SPETSNAZ-RESERVE,AR,Pistol,2,7,1,2,3.5,7.0
41123,Defender,GIGN-RESERVE,SMG,Pistol,3,7,1,3,2.3333333,7.0
41938,Attacker,G.E.O.-JACKAL,AR,SG,2,7,1,3,2.3333333,7.0
41966,Attacker,SPETSNAZ-FUZE,AR,Pistol,2,5,1,3,1.6666666,5.0
42124,Attacker,SPETSNAZ-RESERVE,LMG,Pistol,3,6,1,4,1.5,6.0
43192,Defender,SWAT-PULSE,SG,Pistol,2,6,1,3,2.0,6.0
43407,Defender,SPETSNAZ-TACHANKA,SMG,Pistol,3,6,1,3,2.0,6.0
43466,Attacker,SPETSNAZ-FUZE,AR,Pistol,1,5,1,2,2.5,5.0
44810,Attacker,SAT-HIBANA,SG,SMG,2,6,1,2,3.0,6.0
45028,Attacker,SPETSNAZ-GLAZ,SR,Pistol,3,6,1,4,1.5,6.0
45297,Defender,SAS-RESERVE,SMG,Pistol,7,13,2,8,1.625,6.5
46664,Defender,GSG9-JAGER,AR,Pistol,1,5,1,2,2.5,5.0
47052,Attacker,SPETSNAZ-FUZE,Shield,Pistol,7,16,2,9,1.7777778,8.0
47820,Attacker,SPETSNAZ-FUZE,Shield,Pistol,3,8,1,4,2.0,8.0
48037,Attacker,SAS-SLEDGE,SG,Pistol,2,5,1,3,1.6666666,5.0
48256,Attacker,SWAT-ASH,AR,Pistol,5,15,3,7,2.142857,5.0
48292,Defender,SAT-ECHO,SG,SMG,1,5,1,2,2.5,5.0
48388,Attacker,SPETSNAZ-FUZE,LMG,Pistol,5,7,1,5,1.4,7.0
48691,Defender,GIGN-DOC,SG,Pistol,3,7,1,4,1.75,7.0
49002,Defender,SPETSNAZ-RESERVE,SMG,Pistol,7,12,2,7,1.7142857,6.0
49782,Attacker,NAVYSEAL-BLACKBEARD,AR,Pistol,10,19,3,11,1.7272727,6.3333335
49843,Defender,SPETSNAZ-KAPKAN,SMG,Pistol,3,9,1,3,3.0,9.0
49867,Attacker,GIGN-RESERVE,AR,Pistol,5,11,2,7,1.5714285,5.5
49999,Defender,GIGN-DOC,SG,Pistol,5,8,1,6,1.3333334,8.0
50151,Attacker,JTAR-BUCK,SR,Pistol,3,11,1,4,2.75,11.0
50498,Defender,SAS-RESERVE,SMG,SMG,2,7,1,2,3.5,7.0
50943,Defender,GIGN-DOC,SG,Pistol,3,8,1,3,2.6666667,8.0
51342,Defender,JTAR-FROST,SMG,Pistol,7,16,1,8,2.0,16.0
51495,Defender,G.E.O.-MIRA,SG,SG,2,6,1,3,2.0,6.0
51774,Defender,SAS-SMOKE,SMG,Pistol,3,6,1,3,2.0,6.0
53524,Defender,SAS-RESERVE,SG,SMG,2,5,1,3,1.6666666,5.0
54312,Attacker,GSG9-IQ,AR,Pistol,8,21,4,11,1.9090909,5.25
54773,Defender,GSG9-BANDIT,SG,Pistol,4,7,1,5,1.4,7.0
55783,Defender,GSG9-RESERVE,SMG,Pistol,6,15,3,9,1.6666666,5.0
55943,Defender,SAS-SMOKE,SMG,SMG,6,17,3,7,2.4285715,5.6666665
56212,Defender,SPETSNAZ-TACHANKA,SG,Pistol,2,5,1,2,2.5,5.0
56340,Attacker,SWAT-THERMITE,SG,Pistol,1,5,1,2,2.5,5.0
57486,Attacker,BOPE-CAPITAO,AR,Pistol,6,10,2,6,1.6666666,5.0
57504,Attacker,NAVYSEAL-BLACKBEARD,SR,Pistol,2,6,1,2,3.0,6.0
57514,Attacker,SPETSNAZ-FUZE,AR,Pistol,3,6,1,4,1.5,6.0
57546,Defender,GSG9-BANDIT,SG,Pistol,1,5,1,2,2.5,5.0
57705,Attacker,SWAT-RESERVE,AR,Pistol,4,13,2,6,2.1666667,6.5
57794,Defender,SAS-RESERVE,SMG,Pistol,5,11,2,6,1.8333334,5.5
58739,Defender,GIGN-RESERVE,SG,Pistol,2,5,1,3,1.6666666,5.0
59110,Attacker,SPETSNAZ-FUZE,AR,Pistol,3,5,1,3,1.6666666,5.0
59396,Defender,SPETSNAZ-RESERVE,SMG,Pistol,2,5,1,2,2.5,5.0
59451,Attacker,GIGN-TWITCH,AR,Pistol,3,7,1,3,2.3333333,7.0
59580,Defender,SAS-SMOKE,SMG,Pistol,1,5,1,2,2.5,5.0
60158,Attacker,SAS-RESERVE,AR,SMG,1,5,1,2,2.5,5.0
60381,Attacker,GIGN-TWITCH,AR,Pistol,3,5,1,3,1.6666666,5.0
60599,Attacker,G.E.O.-JACKAL,SMG,Pistol,4,6,1,4,1.5,6.0
60609,Attacker,GSG9-IQ,AR,Pistol,7,16,3,8,2.0,5.3333335
60655,Defender,JTAR-FROST,SMG,Pistol,5,10,2,7,1.4285715,5.0
60661,Defender,SAS-SMOKE,SMG,SMG,9,22,3,10,2.2,7.3333335
61128,Defender,SWAT-PULSE,SMG,Pistol,2,5,1,2,2.5,5.0
61130,Defender,SWAT-PULSE,SMG,Pistol,2,6,1,3,2.0,6.0
61662,Attacker,GSG9-RESERVE,SG,Pistol,1,5,1,2,2.5,5.0
61757,Defender,GIGN-RESERVE,SMG,Pistol,3,5,1,3,1.6666666,5.0
62128,Attacker,GSG9-BLITZ,Shield,Pistol,0,5,1,2,2.5,5.0
62140,Attacker,SAS-THATCHER,AR,Pistol,2,6,1,3,2.0,6.0
62627,Defender,SPETSNAZ-KAPKAN,SMG,Pistol,4,10,2,6,1.6666666,5.0
62636,Defender,SWAT-CASTLE,SG,Pistol,3,7,1,4,1.75,7.0
63444,Attacker,SPETSNAZ-FUZE,Shield,Pistol,3,11,2,5,2.2,5.5
63600,Defender,SWAT-PULSE,SMG,Pistol,1,7,1,2,3.5,7.0
63622,Attacker,GIGN-TWITCH,AR,Pistol,8,19,4,10,1.9,4.75
63656,Defender,BOPE-CAVEIRA,SMG,Pistol,3,16,2,5,3.2,8.0
63663,Defender,GIGN-DOC,SMG,Pistol,2,6,1,3,2.0,6.0
63677,Defender,SAS-SMOKE,SMG,SMG,4,8,1,5,1.6,8.0
64062,Defender,GIGN-DOC,SMG,Pistol,2,6,1,3,2.0,6.0
64104,Defender,SAS-RESERVE,SG,SMG,3,8,1,3,2.6666667,8.0
64459,Attacker,SPETSNAZ-FUZE,LMG,Pistol,0,5,1,2,2.5,5.0
64672,Attacker,SAS-RESERVE,AR,SMG,1,5,1,2,2.5,5.0
65169,Defender,GIGN-ROOK,SMG,Pistol,2,6,1,3,2.0,6.0
65184,Defender,SAS-SMOKE,SMG,SMG,1,5,1,2,2.5,5.0
66438,Attacker,GSG9-RESERVE,AR,Pistol,2,7,1,3,2.3333333,7.0
66588,Defender,SAS-RESERVE,SG,SMG,2,5,1,3,1.6666666,5.0
67928,Defender,NAVYSEAL-VALKYRIE,SG,Pistol,3,5,1,3,1.6666666,5.0
68189,Defender,NAVYSEAL-VALKYRIE,SG,Pistol,5,9,1,6,1.5,9.0
68272,Attacker,GIGN-TWITCH,AR,Pistol,6,12,2,7,1.7142857,6.0
68295,Attacker,SPETSNAZ-GLAZ,SR,Pistol,7,12,2,9,1.3333334,6.0
68669,Attacker,JTAR-BUCK,AR,Pistol,2,5,1,3,1.6666666,5.0
69028,Defender,SAS-RESERVE,SMG,Pistol,3,6,1,3,2.0,6.0
69871,Attacker,SAT-HIBANA,AR,Pistol,3,8,1,4,2.0,8.0
69886,Defender,BOPE-CAVEIRA,SMG,Pistol,2,6,1,3,2.0,6.0
69913,Defender,SAT-ECHO,SMG,SMG,2,6,1,3,2.0,6.0
70967,Defender,BOPE-CAVEIRA,SG,Pistol,5,9,1,5,1.8,9.0
71268,Defender,SPETSNAZ-RESERVE,SMG,Pistol,1,5,1,2,2.5,5.0
71333,Defender,GIGN-DOC,SMG,Pistol,7,11,2,8,1.375,5.5
71355,Defender,SWAT-CASTLE,SMG,Pistol,3,5,1,3,1.6666666,5.0
71517,Defender,GSG9-JAGER,SG,Pistol,3,6,1,4,1.5,6.0
71694,Defender,GIGN-ROOK,SMG,Pistol,5,10,1,6,1.6666666,10.0
71880,Defender,GIGN-RESERVE,SMG,Pistol,2,5,1,3,1.6666666,5.0
71908,Defender,GSG9-RESERVE,SMG,Pistol,3,5,1,3,1.6666666,5.0
72371,Defender,GSG9-RESERVE,SMG,Pistol,2,7,1,3,2.3333333,7.0
72485,Attacker,GSG9-RESERVE,AR,Pistol,2,10,2,5,2.0,5.0
72747,Defender,BOPE-CAVEIRA,SMG,Pistol,5,15,3,7,2.142857,5.0
72759,Defender,GIGN-ROOK,SMG,Pistol,7,14,1,7,2.0,14.0
73018,Defender,SPETSNAZ-KAPKAN,SG,Pistol,3,6,1,4,1.5,6.0
74228,Attacker,GIGN-MONTAGNE,Shield,Pistol,5,11,1,5,2.2,11.0
74625,Attacker,SPETSNAZ-FUZE,LMG,Pistol,3,8,1,4,2.0,8.0
74810,Attacker,SAS-RESERVE,AR,SMG,3,5,1,3,1.6666666,5.0
75400,Defender,GSG9-RESERVE,SG,Pistol,2,5,1,3,1.6666666,5.0
75448,Defender,SWAT-CASTLE,SG,Pistol,5,9,1,6,1.5,9.0
75786,Defender,NAVYSEAL-VALKYRIE,SG,Pistol,5,11,2,7,1.5714285,5.5
76190,Defender,GIGN-DOC,SG,Pistol,2,6,1,2,3.0,6.0
76874,Attacker,SWAT-RESERVE,AR,Pistol,2,6,1,3,2.0,6.0
77275,Attacker,G.E.O.-JACKAL,SMG,SG,4,6,1,4,1.5,6.0
77377,Attacker,GIGN-RESERVE,AR,Pistol,4,11,2,6,1.8333334,5.5
77465,Attacker,SPETSNAZ-RESERVE,LMG,Pistol,4,9,1,4,2.25,9.0
77569,Defender,SAS-RESERVE,SG,SMG,3,7,1,3,2.3333333,7.0
77734,Attacker,SWAT-RESERVE,AR,Pistol,3,5,1,3,1.6666666,5.0
77819,Defender,SPETSNAZ-RESERVE,SMG,Pistol,2,5,1,2,2.5,5.0
78414,Attacker,SAS-RESERVE,AR,Pistol,2,5,1,2,2.5,5.0
78530,Defender,GIGN-ROOK,SG,Pistol,8,11,2,8,1.375,5.5
78810,Defender,SAS-RESERVE,SMG,SMG,2,7,1,3,2.3333333,7.0
78902,Attacker,SAS-THATCHER,AR,Pistol,4,6,1,4,1.5,6.0
78903,Attacker,SAS-THATCHER,AR,Pistol,2,5,1,3,1.6666666,5.0
79356,Defender,GIGN-DOC,SG,Pistol,3,8,1,4,2.0,8.0
80192,Defender,SPETSNAZ-TACHANKA,SG,Pistol,3,5,1,3,1.6666666,5.0
80500,Attacker,SWAT-ASH,AR,Pistol,2,6,1,2,3.0,6.0
80705,Defender,GIGN-RESERVE,SG,Pistol,3,7,1,4,1.75,7.0
81680,Defender,SAS-RESERVE,SG,Pistol,1,5,1,2,2.5,5.0
81980,Attacker,G.E.O.-JACKAL,AR,SG,4,14,3,7,2.0,4.6666665
81981,Attacker,G.E.O.-JACKAL,AR,Pistol,3,7,1,4,1.75,7.0
82020,Defender,G.E.O.-MIRA,SMG,SG,3,5,1,3,1.6666666,5.0
82037,Defender,JTAR-FROST,SG,Pistol,1,8,1,2,4.0,8.0
82178,Attacker,SWAT-RESERVE,AR,Pistol,2,5,1,3,1.6666666,5.0
83402,Defender,GIGN-RESERVE,SMG,Pistol,2,5,1,2,2.5,5.0
83493,Defender,SWAT-PULSE,SG,Pistol,2,5,1,3,1.6666666,5.0
83516,Attacker,GIGN-TWITCH,AR,Pistol,5,12,1,7,1.7142857,12.0
83533,Attacker,SWAT-ASH,AR,Pistol,2,5,1,3,1.6666666,5.0
83548,Defender,GIGN-ROOK,SMG,Pistol,3,7,1,3,2.3333333,7.0
83952,Defender,G.E.O.-MIRA,SMG,Pistol,4,16,3,7,2.2857144,5.3333335
84007,Defender,SAS-SMOKE,SMG,Pistol,4,8,1,4,2.0,8.0
84939,Defender,GSG9-RESERVE,SMG,Pistol,2,5,1,2,2.5,5.0
85024,Attacker,GIGN-TWITCH,AR,Pistol,2,5,1,3,1.6666666,5.0
85482,Defender,SAS-SMOKE,SMG,Pistol,3,8,1,4,2.0,8.0
85844,Attacker,SPETSNAZ-FUZE,LMG,Pistol,2,5,1,3,1.6666666,5.0
86115,Attacker,SWAT-RESERVE,AR,Pistol,2,5,1,2,2.5,5.0
86241,Defender,SWAT-PULSE,SMG,Pistol,2,6,1,3,2.0,6.0
86315,Attacker,SAS-SLEDGE,SG,SMG,3,7,1,4,1.75,7.0
86551,Defender,GIGN-ROOK,SMG,Pistol,4,17,1,5,3.4,17.0
86571,Defender,SWAT-PULSE,SG,Pistol,3,5,1,3,1.6666666,5.0
88408,Attacker,GIGN-TWITCH,AR,Pistol,3,7,1,4,1.75,7.0
88435,Attacker,SAS-SLEDGE,AR,Pistol,3,10,2,6,1.6666666,5.0
88524,Defender,GSG9-RESERVE,AR,Pistol,3,10,1,4,2.5,10.0
88565,Defender,SPETSNAZ-TACHANKA,SG,Pistol,2,5,1,3,1.6666666,5.0
89761,Attacker,SAS-RESERVE,AR,SMG,2,5,1,2,2.5,5.0
90374,Defender,SAS-RESERVE,SMG,Pistol,1,5,1,2,2.5,5.0
90871,Defender,SAS-RESERVE,SMG,Pistol,2,5,1,2,2.5,5.0
91230,Defender,BOPE-CAVEIRA,SMG,Pistol,2,6,1,3,2.0,6.0
91235,Defender,G.E.O.-MIRA,SMG,Pistol,2,10,1,3,3.3333333,10.0
91770,Attacker,SAS-RESERVE,AR,SMG,2,5,1,3,1.6666666,5.0
91908,Defender,SAS-RESERVE,SG,Pistol,4,6,1,4,1.5,6.0
94377,Attacker,SPETSNAZ-FUZE,LMG,Pistol,2,5,1,3,1.6666666,5.0
95255,Attacker,GSG9-IQ,AR,Pistol,4,8,1,5,1.6,8.0
95429,Defender,SPETSNAZ-RESERVE,SMG,Pistol,4,11,1,5,2.2,11.0
95584,Defender,G.E.O.-MIRA,SG,SG,2,5,1,3,1.6666666,5.0
95723,Attacker,GIGN-TWITCH,AR,Pistol,6,10,2,7,1.4285715,5.0
95743,Attacker,SPETSNAZ-FUZE,LMG,Pistol,2,5,1,3,1.6666666,5.0
95746,Attacker,SPETSNAZ-FUZE,AR,Pistol,3,8,1,5,1.6,8.0
95790,Defender,SWAT-CASTLE,SMG,Pistol,3,5,1,3,1.6666666,5.0
96227,Defender,SPETSNAZ-TACHANKA,SG,Pistol,2,5,1,3,1.6666666,5.0
96573,Attacker,SPETSNAZ-FUZE,Shield,Pistol,3,5,1,3,1.6666666,5.0
97227,Defender,SWAT-RESERVE,SG,Pistol,3,5,1,3,1.6666666,5.0
97783,Defender,SWAT-PULSE,SMG,Pistol,2,5,1,3,1.6666666,5.0
98871,Defender,JTAR-FROST,SMG,Pistol,9,15,3,11,1.3636364,5.0
99108,Defender,SAS-RESERVE,SMG,SMG,5,9,1,5,1.8,9.0
99895,Attacker,GIGN-RESERVE,SG,Pistol,2,5,1,3,1.6666666,5.0
100429,Attacker,SAT-HIBANA,SG,SMG,1,5,1,2,2.5,5.0
100702,Defender,SAS-RESERVE,SMG,SMG,2,5,1,3,1.6666666,5.0
101366,Defender,GIGN-RESERVE,SMG,Pistol,3,6,1,3,2.0,6.0
101984,Attacker,G.E.O.-JACKAL,AR,Pistol,2,7,1,3,2.3333333,7.0
101999,Attacker,GSG9-IQ,AR,Pistol,2,5,1,3,1.6666666,5.0
102327,Attacker,BOPE-CAPITAO,LMG,Pistol,2,5,1,3,1.6666666,5.0
102451,Defender,GIGN-ROOK,SMG,Pistol,3,6,1,3,2.0,6.0
102532,Attacker,G.E.O.-JACKAL,SG,Pistol,2,5,1,3,1.6666666,5.0
102826,Attacker,GSG9-RESERVE,AR,Pistol,0,5,1,3,1.6666666,5.0
103236,Defender,SAS-SMOKE,SG,Pistol,3,5,1,3,1.6666666,5.0
103572,Attacker,SPETSNAZ-FUZE,AR,Pistol,2,5,1,3,1.6666666,5.0
103606,Defender,GSG9-RESERVE,AR,Pistol,1,5,1,2,2.5,5.0
104250,Defender,GSG9-JAGER,SG,Pistol,4,6,1,4,1.5,6.0
105141,Defender,GSG9-JAGER,AR,Pistol,6,13,2,6,2.1666667,6.5
105185,Attacker,GIGN-RESERVE,AR,Pistol,2,6,1,3,2.0,6.0
105489,Attacker,SPETSNAZ-FUZE,LMG,Pistol,4,8,1,6,1.3333334,8.0
105492,Attacker,SPETSNAZ-FUZE,AR,Pistol,3,5,1,3,1.6666666,5.0
106573,Attacker,G.E.O.-JACKAL,AR,Pistol,5,11,2,5,2.2,5.5
106797,Defender,GIGN-RESERVE,SG,Pistol,1,5,1,2,2.5,5.0
106893,Defender,SWAT-RESERVE,SG,Pistol,2,6,1,3,2.0,6.0
106920,Attacker,GIGN-TWITCH,AR,Pistol,3,7,1,4,1.75,7.0
107273,Defender,SAS-RESERVE,SMG,SMG,1,5,1,2,2.5,5.0
107593,Attacker,SAS-RESERVE,AR,Pistol,1,5,1,2,2.5,5.0
107677,Defender,GIGN-DOC,SG,Pistol,3,5,1,3,1.6666666,5.0
108103,Defender,GIGN-DOC,SMG,Pistol,4,8,1,4,2.0,8.0
108113,Defender,GSG9-RESERVE,SMG,Pistol,3,9,1,4,2.25,9.0
109561,Defender,SPETSNAZ-RESERVE,SMG,Pistol,2,5,1,3,1.6666666,5.0
109605,Attacker,GIGN-TWITCH,AR,Pistol,3,6,1,4,1.5,6.0
109611,Attacker,GSG9-IQ,AR,Pistol,4,10,1,4,2.5,10.0
109974,Attacker,GIGN-TWITCH,AR,Pistol,3,7,1,4,1.75,7.0
110095,Defender,GSG9-JAGER,SG,Pistol,1,5,1,2,2.5,5.0
110124,Defender,SAT-ECHO,SMG,Pistol,2,5,1,3,1.6666666,5.0
111284,Defender,SPETSNAZ-TACHANKA,SG,Pistol,1,5,1,2,2.5,5.0
111287,Defender,SWAT-CASTLE,SMG,Pistol,6,10,2,7,1.4285715,5.0
111580,Attacker,GIGN-RESERVE,AR,Pistol,2,5,1,2,2.5,5.0
111622,Attacker,SAT-HIBANA,SG,SMG,3,6,1,3,2.0,6.0
111678,Defender,GIGN-DOC,SG,Pistol,4,8,1,5,1.6,8.0
112026,Defender,SWAT-RESERVE,SMG,Pistol,2,7,1,3,2.3333333,7.0
112765,Attacker,GIGN-TWITCH,AR,Pistol,4,7,1,5,1.4,7.0
112776,Attacker,SAS-THATCHER,AR,Pistol,2,5,1,2,2.5,5.0
113126,Attacker,NAVYSEAL-BLACKBEARD,SR,Pistol,4,14,3,7,2.0,4.6666665
113273,Defender,SWAT-RESERVE,SMG,Pistol,2,5,1,2,2.5,5.0
114263,Attacker,NAVYSEAL-BLACKBEARD,AR,Pistol,10,16,3,11,1.4545455,5.3333335
114624,Attacker,SAS-THATCHER,SG,Pistol,2,5,1,2,2.5,5.0
114911,Defender,GIGN-RESERVE,SMG,Pistol,2,5,1,3,1.6666666,5.0
115070,Attacker,SAS-SLEDGE,SG,SMG,2,5,1,3,1.6666666,5.0
115749,Attacker,SWAT-ASH,AR,Pistol,6,19,4,9,2.1111112,4.75
115757,Defender,BOPE-CAVEIRA,SG,Pistol,1,5,1,2,2.5,5.0
116018,Defender,SPETSNAZ-RESERVE,SMG,Pistol,2,6,1,3,2.0,6.0
116056,Attacker,G.E.O.-JACKAL,AR,Pistol,4,7,1,5,1.4,7.0
116902,Defender,SPETSNAZ-RESERVE,SG,Pistol,2,5,1,3,1.6666666,5.0
117193,Attacker,SWAT-ASH,AR,Pistol,2,5,1,3,1.6666666,5.0
117412,Defender,SAS-RESERVE,SMG,SMG,1,5,1,2,2.5,5.0
117860,Defender,SWAT-CASTLE,SG,Pistol,2,7,1,4,1.75,7.0
118166,Attacker,SPETSNAZ-FUZE,LMG,Pistol,2,5,1,3,1.6666666,5.0
118466,Defender,GIGN-DOC,SG,Pistol,3,8,1,4,2.0,8.0
118697,Attacker,SAS-RESERVE,AR,SMG,2,6,1,3,2.0,6.0
118790,Defender,GIGN-ROOK,SG,Pistol,6,14,2,7,2.0,7.0
119227,Defender,SAS-SMOKE,SG,Pistol,2,5,1,3,1.6666666,5.0
119917,Defender,GSG9-RESERVE,SG,Pistol,9,13,1,9,1.4444444,13.0
120036,Attacker,SAT-HIBANA,SG,SMG,4,10,2,6,1.6666666,5.0
120425,Attacker,SAS-RESERVE,SG,SMG,3,5,1,3,1.6666666,5.0
120593,Attacker,GIGN-RESERVE,AR,Pistol,2,6,1,2,3.0,6.0
120808,Defender,SWAT-CASTLE,SG,Pistol,5,8,1,5,1.6,8.0
120861,Attacker,GSG9-IQ,AR,Pistol,2,5,1,3,1.6666666,5.0
121517,Defender,SAS-RESERVE,SMG,SMG,2,5,1,2,2.5,5.0
121587,Attacker,G.E.O.-JACKAL,AR,Pistol,2,6,1,3,2.0,6.0
121670,Defender,SAS-SMOKE,SMG,SMG,4,12,2,6,2.0,6.0
122115,Defender,SAT-ECHO,SMG,Pistol,3,6,1,4,1.5,6.0
123217,Defender,GSG9-RESERVE,SG,Pistol,3,12,2,4,3.0,6.0
123302,Attacker,SAS-RESERVE,SG,Pistol,1,7,1,2,3.5,7.0
123356,Attacker,SWAT-RESERVE,SG,Pistol,1,5,1,2,2.5,5.0
123569,Attacker,SPETSNAZ-FUZE,LMG,Pistol,2,5,1,2,2.5,5.0
124446,Attacker,GIGN-RESERVE,AR,Pistol,2,6,1,3,2.0,6.0
124690,Attacker,GSG9-IQ,AR,Pistol,4,9,1,4,2.25,9.0
124750,Defender,SAT-ECHO,SG,SMG,2,6,1,3,2.0,6.0
125033,Attacker,GSG9-IQ,AR,Pistol,8,14,3,10,1.4,4.6666665
125045,Attacker,NAVYSEAL-BLACKBEARD,SR,Pistol,4,11,1,5,2.2,11.0
125455,Attacker,GSG9-RESERVE,SG,Pistol,3,8,1,4,2.0,8.0
126139,Attacker,GIGN-TWITCH,AR,Pistol,2,6,1,3,2.0,6.0
126267,Attacker,GSG9-RESERVE,AR,Pistol,3,7,1,4,1.75,7.0
126542,Attacker,SPETSNAZ-FUZE,Shield,Pistol,4,10,1,5,2.0,10.0
126615,Defender,SAS-RESERVE,SMG,SMG,3,5,1,3,1.6666666,5.0
126629,Defender,SAT-ECHO,SMG,Pistol,3,11,2,5,2.2,5.5
126688,Attacker,GIGN-TWITCH,SG,Pistol,3,7,1,4,1.75,7.0
127288,Defender,GSG9-RESERVE,AR,Pistol,2,5,1,3,1.6666666,5.0
127328,Defender,SAT-ECHO,SG,Pistol,2,5,1,3,1.6666666,5.0
127681,Defender,G.E.O.-MIRA,SMG,SG,2,7,1,3,2.3333333,7.0
127736,Attacker,GIGN-RESERVE,AR,Pistol,1,5,1,2,2.5,5.0
128037,Attacker,SPETSNAZ-FUZE,LMG,Pistol,2,5,1,3,1.6666666,5.0
128121,Defender,SAT-ECHO,SMG,Pistol,3,8,1,3,2.6666667,8.0
128576,Defender,SWAT-CASTLE,SG,Pistol,2,5,1,3,1.6666666,5.0
129162,Defender,G.E.O.-MIRA,SMG,SG,1,7,1,2,3.5,7.0
129255,Attacker,SAS-RESERVE,AR,SMG,2,5,1,3,1.6666666,5.0
129426,Defender,SPETSNAZ-TACHANKA,SMG,Pistol,5,11,2,7,1.5714285,5.5
130709,Defender,GIGN-DOC,SMG,Pistol,2,6,1,3,2.0,6.0
130786,Attacker,GSG9-RESERVE,AR,Pistol,2,5,1,2,2.5,5.0
131915,Defender,SPETSNAZ-RESERVE,SMG,Pistol,2,6,1,3,2.0,6.0
132141,Defender,SAS-RESERVE,SMG,Pistol,4,7,1,4,1.75,7.0
132251,Attacker,SWAT-ASH,AR,Pistol,3,6,1,4,1.5,6.0
132268,Defender,GIGN-DOC,SMG,Pistol,3,5,1,3,1.6666666,5.0
132563,Defender,SWAT-RESERVE,SMG,Pistol,1,5,1,3,1.6666666,5.0
132865,Attacker,SPETSNAZ-RESERVE,LMG,Pistol,2,6,1,3,2.0,6.0
133580,Attacker,SAS-RESERVE,SG,SMG,2,6,1,4,1.5,6.0
133807,Attacker,SWAT-ASH,AR,Pistol,2,5,1,3,1.6666666,5.0
134101,Defender,SWAT-PULSE,SMG,Pistol,7,17,3,10,1.7,5.6666665
134136,Attacker,GIGN-TWITCH,SG,Pistol,3,6,1,3,2.0,6.0
134145,Attacker,GSG9-RESERVE,AR,Pistol,3,5,1,3,1.6666666,5.0
134271,Defender,SAS-RESERVE,SMG,Pistol,3,7,1,3,2.3333333,7.0
134302,Defender,SWAT-PULSE,SMG,Pistol,5,10,2,6,1.6666666,5.0
134417,Attacker,SPETSNAZ-RESERVE,SG,Pistol,3,5,1,3,1.6666666,5.0
134440,Attacker,SWAT-THERMITE,SG,Pistol,2,5,1,3,1.6666666,5.0
135029,Defender,SWAT-RESERVE,SMG,Pistol,2,5,1,2,2.5,5.0
135030,Defender,SWAT-RESERVE,SMG,Pistol,1,6,1,2,3.0,6.0
135337,Defender,G.E.O.-MIRA,SMG,Pistol,2,5,1,3,1.6666666,5.0
135365,Defender,SWAT-CASTLE,SMG,Pistol,4,8,1,5,1.6,8.0
135425,Attacker,SAS-RESERVE,AR,Pistol,1,5,1,2,2.5,5.0
135462,Attacker,SPETSNAZ-FUZE,Shield,Pistol,3,6,1,3,2.0,6.0
135990,Defender,SAS-RESERVE,SMG,SMG,3,6,1,4,1.5,6.0
136056,Attacker,G.E.O.-JACKAL,SMG,SG,4,6,1,4,1.5,6.0
136433,Defender,GSG9-RESERVE,SG,Pistol,7,13,1,8,1.625,13.0
136541,Attacker,GSG9-IQ,AR,Pistol,4,8,1,5,1.6,8.0
136888,Attacker,SAS-RESERVE,AR,SMG,0,5,1,1,5.0,5.0
137159,Attacker,SWAT-RESERVE,AR,Pistol,1,5,1,2,2.5,5.0
137184,Defender,GIGN-DOC,SG,Pistol,2,5,1,3,1.6666666,5.0
137759,Attacker,SAS-RESERVE,AR,SMG,2,5,1,2,2.5,5.0
138218,Attacker,NAVYSEAL-BLACKBEARD,AR,Pistol,8,16,2,10,1.6,8.0
138240,Attacker,SWAT-ASH,AR,Pistol,3,12,2,5,2.4,6.0
138532,Defender,SWAT-PULSE,SG,Pistol,2,5,1,3,1.6666666,5.0
138601,Attacker,SPETSNAZ-FUZE,LMG,Pistol,2,5,1,3,1.6666666,5.0
138642,Defender,GIGN-DOC,SMG,Pistol,1,5,1,2,2.5,5.0
138879,Defender,GIGN-ROOK,SG,Pistol,2,6,1,3,2.0,6.0
139674,Attacker,G.E.O.-JACKAL,AR,SG,2,5,1,2,2.5,5.0
139734,Defender,GIGN-ROOK,SMG,Pistol,2,6,1,2,3.0,6.0
140076,Attacker,SAT-HIBANA,AR,Pistol,2,10,2,4,2.5,5.0
140256,Attacker,SAS-RESERVE,SG,Pistol,2,5,1,2,2.5,5.0
142627,Defender,GIGN-RESERVE,SMG,Pistol,1,5,1,1,5.0,5.0
142745,Attacker,G.E.O.-JACKAL,SMG,Pistol,2,6,1,3,2.0,6.0
142750,Attacker,GIGN-TWITCH,AR,Pistol,5,8,1,6,1.3333334,8.0
142821,Defender,SWAT-PULSE,SG,Pistol,3,7,1,4,1.75,7.0
143202,Defender,GIGN-ROOK,SMG,Pistol,14,25,5,18,1.3888888,5.0
143304,Attacker,GIGN-TWITCH,SG,Pistol,2,5,1,3,1.6666666,5.0
143447,Defender,GSG9-JAGER,SG,Pistol,5,13,2,6,2.1666667,6.5
143470,Defender,SAS-RESERVE,SMG,SMG,2,6,1,3,2.0,6.0
143827,Attacker,SPETSNAZ-FUZE,LMG,Pistol,17,27,5,19,1.4210526,5.4
143962,Defender,SPETSNAZ-RESERVE,SG,Pistol,3,6,1,3,2.0,6.0
144311,Defender,SAT-ECHO,SMG,SMG,2,5,1,3,1.6666666,5.0
144576,Attacker,G.E.O.-JACKAL,SMG,Pistol,6,13,1,7,1.8571428,13.0
144737,Defender,SPETSNAZ-KAPKAN,SG,Pistol,1,5,1,2,2.5,5.0
144752,Defender,SWAT-PULSE,SMG,Pistol,4,14,1,6,2.3333333,14.0
144834,Attacker,SPETSNAZ-FUZE,LMG,Pistol,2,7,1,3,2.3333333,7.0
145538,Attacker,JTAR-BUCK,SR,Pistol,1,5,1,2,2.5,5.0
145748,Defender,GIGN-ROOK,SMG,Pistol,3,5,1,3,1.6666666,5.0
146241,Defender,SAS-MUTE,SG,Pistol,3,6,1,4,1.5,6.0
146991,Attacker,SAT-HIBANA,SG,Pistol,3,5,1,3,1.6666666,5.0
148699,Defender,SWAT-RESERVE,SMG,Pistol,2,5,1,3,1.6666666,5.0
148924,Defender,SAS-RESERVE,SMG,Pistol,6,10,1,7,1.4285715,10.0
149279,Attacker,SAS-THATCHER,AR,Pistol,2,7,1,4,1.75,7.0
149471,Attacker,SPETSNAZ-RESERVE,SG,Pistol,2,11,1,3,3.6666667,11.0
150892,Attacker,SAT-HIBANA,SG,SMG,2,7,1,3,2.3333333,7.0
151141,Defender,GIGN-ROOK,SMG,Pistol,14,30,5,19,1.5789474,6.0
151615,Defender,G.E.O.-MIRA,SG,SG,7,14,2,7,2.0,7.0
151656,Defender,GSG9-JAGER,SG,Pistol,3,6,1,4,1.5,6.0
151720,Defender,SWAT-PULSE,SG,Pistol,5,11,2,7,1.5714285,5.5
152784,Defender,GIGN-RESERVE,SMG,Pistol,2,6,1,3,2.0,6.0
152951,Attacker,SWAT-ASH,AR,Pistol,7,14,3,9,1.5555556,4.6666665
153900,Attacker,GIGN-RESERVE,SG,Pistol,2,6,1,2,3.0,6.0
154825,Defender,JTAR-FROST,SMG,Pistol,6,10,1,7,1.4285715,10.0
156689,Defender,SWAT-PULSE,SG,Pistol,3,10,2,5,2.0,5.0
157272,Attacker,GIGN-RESERVE,AR,Pistol,2,6,1,3,2.0,6.0
157303,Attacker,GSG9-RESERVE,AR,Pistol,2,5,1,3,1.6666666,5.0
158499,Defender,JTAR-FROST,SG,Pistol,1,5,1,2,2.5,5.0
158991,Defender,GIGN-DOC,SG,Pistol,3,7,1,4,1.75,7.0
159022,Defender,GSG9-RESERVE,SMG,Pistol,3,7,1,5,1.4,7.0
159357,Defender,SPETSNAZ-RESERVE,SMG,Pistol,1,6,1,2,3.0,6.0
160777,Attacker,SAS-RESERVE,AR,Pistol,6,10,1,7,1.4285715,10.0
162195,Attacker,GIGN-TWITCH,SG,Pistol,1,5,1,2,2.5,5.0
162247,Defender,GIGN-ROOK,SMG,Pistol,1,6,1,2,3.0,6.0
164003,Defender,SAS-RESERVE,SMG,Pistol,2,5,1,2,2.5,5.0
164547,Attacker,GIGN-TWITCH,SG,Pistol,2,5,1,2,2.5,5.0
164722,Defender,SAS-RESERVE,SG,Pistol,3,6,1,4,1.5,6.0
165847,Defender,GIGN-RESERVE,SMG,Pistol,1,5,1,2,2.5,5.0
165957,Defender,SWAT-RESERVE,SG,Pistol,2,7,1,3,2.3333333,7.0
165971,Attacker,G.E.O.-JACKAL,SMG,Pistol,3,6,1,3,2.0,6.0
166575,Defender,SAS-RESERVE,SG,Pistol,3,6,1,3,2.0,6.0
166768,Attacker,SWAT-RESERVE,AR,Pistol,2,5,1,3,1.6666666,5.0
167398,Defender,GIGN-RESERVE,SG,Pistol,3,8,1,4,2.0,8.0
167576,Attacker,SAS-RESERVE,AR,Pistol,3,6,1,4,1.5,6.0
168265,Attacker,SAS-RESERVE,AR,SMG,3,6,1,4,1.5,6.0
169306,Defender,SAS-SMOKE,SG,Pistol,3,6,1,4,1.5,6.0
170323,Defender,SPETSNAZ-TACHANKA,SMG,Pistol,3,7,1,3,2.3333333,7.0
170530,Defender,GIGN-RESERVE,SMG,Pistol,2,6,1,3,2.0,6.0
170817,Defender,GIGN-RESERVE,SMG,Pistol,1,5,1,2,2.5,5.0
170965,Attacker,GIGN-RESERVE,AR,Pistol,1,5,1,2,2.5,5.0
171308,Attacker,SAS-RESERVE,SG,Pistol,3,5,1,3,1.6666666,5.0
171601,Defender,GIGN-DOC,SMG,Pistol,4,8,1,4,2.0,8.0
171617,Defender,GSG9-JAGER,AR,Pistol,5,12,1,6,2.0,12.0
171991,Attacker,GIGN-RESERVE,AR,Pistol,4,10,2,5,2.0,5.0
173468,Attacker,SAT-HIBANA,AR,Pistol,2,6,1,3,2.0,6.0
174754,Attacker,GIGN-TWITCH,SG,Pistol,4,7,1,4,1.75,7.0
175351,Attacker,SPETSNAZ-GLAZ,SR,Pistol,1,5,1,2,2.5,5.0
175414,Defender,SPETSNAZ-KAPKAN,SMG,Pistol,11,21,4,13,1.6153846,5.25
175798,Attacker,SAS-RESERVE,AR,Pistol,3,8,1,4,2.0,8.0
175809,Attacker,SAS-SLEDGE,SG,Pistol,1,6,1,2,3.0,6.0
177207,Attacker,G.E.O.-JACKAL,SMG,Pistol,3,10,1,4,2.5,10.0
177253,Attacker,SPETSNAZ-GLAZ,SR,Pistol,7,16,3,10,1.6,5.3333335
177916,Attacker,GIGN-RESERVE,AR,Pistol,2,5,1,3,1.6666666,5.0
179177,Defender,GSG9-JAGER,SG,Pistol,1,6,1,2,3.0,6.0
179919,Attacker,SWAT-RESERVE,SG,Pistol,4,10,2,6,1.6666666,5.0
180483,Attacker,SPETSNAZ-RESERVE,LMG,Pistol,4,7,1,4,1.75,7.0
180968,Attacker,BOPE-CAPITAO,LMG,Pistol,1,5,1,2,2.5,5.0
180981,Attacker,G.E.O.-JACKAL,SMG,Pistol,4,9,1,4,2.25,9.0
180985,Attacker,GIGN-MONTAGNE,Shield,Pistol,2,5,1,2,2.5,5.0
181440,Attacker,GIGN-RESERVE,AR,Pistol,2,5,1,3,1.6666666,5.0
181532,Attacker,SPETSNAZ-RESERVE,SG,Pistol,1,5,1,2,2.5,5.0
181577,Defender,GIGN-DOC,SG,Pistol,2,5,1,3,1.6666666,5.0
182344,Attacker,SAS-RESERVE,AR,SMG,2,5,1,3,1.6666666,5.0
182690,Attacker,SPETSNAZ-RESERVE,AR,Pistol,3,10,2,5,2.0,5.0
182950,Defender,GIGN-DOC,SMG,Pistol,4,6,1,4,1.5,6.0
184288,Attacker,SWAT-RESERVE,AR,Pistol,4,8,1,6,1.3333334,8.0
184810,Attacker,SWAT-ASH,AR,Pistol,2,6,1,4,1.5,6.0
184877,Defender,SWAT-CASTLE,SMG,Pistol,5,8,1,6,1.3333334,8.0
185006,Attacker,SPETSNAZ-RESERVE,AR,Pistol,3,7,1,4,1.75,7.0
185487,Attacker,GIGN-RESERVE,SG,Pistol,1,5,1,2,2.5,5.0
186678,Attacker,GIGN-TWITCH,AR,Pistol,1,5,1,3,1.6666666,5.0
186715,Attacker,SPETSNAZ-GLAZ,SR,Pistol,1,7,1,2,3.5,7.0
186723,Attacker,SWAT-ASH,AR,Pistol,4,10,1,5,2.0,10.0
186768,Defender,JTAR-FROST,SMG,Pistol,5,13,2,6,2.1666667,6.5
186808,Defender,SWAT-RESERVE,SMG,Pistol,2,5,1,2,2.5,5.0
187327,Defender,SAS-RESERVE,SMG,Pistol,2,5,1,2,2.5,5.0
188415,Attacker,SPETSNAZ-RESERVE,LMG,Pistol,8,12,2,9,1.3333334,6.0
188654,Attacker,SPETSNAZ-FUZE,AR,Pistol,3,5,1,3,1.6666666,5.0
188658,Attacker,SPETSNAZ-FUZE,Shield,Pistol,1,5,1,3,1.6666666,5.0
189324,Defender,SWAT-RESERVE,SMG,Pistol,2,6,1,2,3.0,6.0
192131,Attacker,GIGN-RESERVE,SG,Pistol,2,6,1,3,2.0,6.0
192445,Attacker,SPETSNAZ-FUZE,LMG,Pistol,2,7,1,4,1.75,7.0
192450,Attacker,SPETSNAZ-GLAZ,SR,Pistol,2,6,1,3,2.0,6.0
192455,Attacker,SWAT-ASH,AR,Pistol,2,11,1,4,2.75,11.0
193059,Defender,SWAT-PULSE,SG,Pistol,7,12,2,7,1.7142857,6.0
194296,Attacker,SWAT-ASH,AR,Pistol,4,6,1,4,1.5,6.0
194769,Attacker,SPETSNAZ-FUZE,Shield,Pistol,2,8,1,3,2.6666667,8.0
194863,Defender,NAVYSEAL-VALKYRIE,SG,Pistol,6,17,2,8,2.125,8.5
195310,Attacker,SAT-HIBANA,SG,SMG,2,6,1,3,2.0,6.0
196119,Attacker,JTAR-BUCK,SR,Pistol,7,14,3,9,1.5555556,4.6666665
196134,Attacker,SPETSNAZ-FUZE,LMG,Pistol,2,7,1,2,3.5,7.0
196561,Attacker,GSG9-RESERVE,AR,Pistol,2,5,1,3,1.6666666,5.0
196734,Defender,SPETSNAZ-RESERVE,SMG,Pistol,3,9,1,4,2.25,9.0
197471,Attacker,SWAT-RESERVE,AR,Pistol,6,15,3,8,1.875,5.0
197915,Defender,SWAT-RESERVE,SG,Pistol,3,11,1,4,2.75,11.0
198016,Defender,GSG9-RESERVE,SMG,Pistol,2,5,1,3,1.6666666,5.0
198044,Defender,SWAT-CASTLE,SMG,Pistol,3,5,1,3,1.6666666,5.0
198360,Attacker,G.E.O.-JACKAL,SG,Pistol,3,5,1,3,1.6666666,5.0
198382,Attacker,GIGN-TWITCH,SG,Pistol,1,5,1,2,2.5,5.0
198746,Attacker,SWAT-THERMITE,SG,Pistol,9,15,3,10,1.5,5.0
199009,Attacker,SPETSNAZ-RESERVE,AR,Pistol,1,5,1,3,1.6666666,5.0
199328,Attacker,SWAT-RESERVE,AR,Pistol,3,6,1,4,1.5,6.0
199889,Defender,GSG9-RESERVE,AR,Pistol,4,10,2,5,2.0,5.0
199908,Defender,SAT-ECHO,SMG,SMG,5,10,2,5,2.0,5.0
201753,Attacker,SPETSNAZ-FUZE,AR,Pistol,3,10,1,4,2.5,10.0
201759,Attacker,SPETSNAZ-GLAZ,SR,Pistol,2,5,1,3,1.6666666,5.0
201787,Defender,GIGN-DOC,SMG,Pistol,4,14,3,6,2.3333333,4.6666665
201808,Defender,JTAR-FROST,SG,Pistol,3,7,1,3,2.3333333,7.0
202168,Attacker,GIGN-RESERVE,AR,Pistol,1,5,1,2,2.5,5.0
202690,Defender,SPETSNAZ-RESERVE,SG,Pistol,3,6,1,3,2.0,6.0
203663,Attacker,SWAT-ASH,AR,Pistol,6,14,3,8,1.75,4.6666665
203724,Defender,SAT-ECHO,SG,SMG,2,5,1,2,2.5,5.0
204036,Defender,SWAT-RESERVE,SMG,Pistol,2,6,1,2,3.0,6.0
204146,Attacker,SPETSNAZ-RESERVE,AR,Pistol,2,6,1,3,2.0,6.0
204266,Defender,SPETSNAZ-KAPKAN,SG,Pistol,3,6,1,3,2.0,6.0
204274,Defender,SPETSNAZ-TACHANKA,SMG,Pistol,2,5,1,3,1.6666666,5.0
205511,Attacker,NAVYSEAL-BLACKBEARD,AR,Pistol,5,7,1,5,1.4,7.0
205565,Defender,GIGN-ROOK,SMG,Pistol,2,7,1,3,2.3333333,7.0
205572,Defender,GSG9-JAGER,SG,Pistol,1,6,1,2,3.0,6.0
205940,Attacker,GIGN-TWITCH,SG,Pistol,1,5,1,3,1.6666666,5.0
206491,Attacker,GIGN-TWITCH,SG,Pistol,2,5,1,3,1.6666666,5.0
207425,Defender,NAVYSEAL-VALKYRIE,SMG,Pistol,2,8,1,3,2.6666667,8.0
208226,Defender,SAS-RESERVE,SG,Pistol,2,7,1,3,2.3333333,7.0
208796,Defender,SAS-RESERVE,SMG,Pistol,1,5,1,2,2.5,5.0
209184,Attacker,GIGN-TWITCH,AR,Pistol,2,9,1,3,3.0,9.0
209273,Defender,NAVYSEAL-VALKYRIE,SMG,Pistol,6,9,1,7,1.2857143,9.0
209291,Defender,SWAT-CASTLE,SG,Pistol,1,6,1,2,3.0,6.0
209299,Defender,SWAT-PULSE,SG,Pistol,2,5,1,2,2.5,5.0
209635,Attacker,GIGN-TWITCH,SG,Pistol,2,6,1,3,2.0,6.0
209828,Defender,SPETSNAZ-KAPKAN,SG,Pistol,1,5,1,3,1.6666666,5.0
209967,Attacker,SPETSNAZ-FUZE,Shield,Pistol,5,15,2,6,2.5,7.5
211070,Attacker,SAT-HIBANA,SG,SMG,2,6,1,3,2.0,6.0
211081,Attacker,SPETSNAZ-FUZE,Shield,Pistol,1,5,1,2,2.5,5.0
211089,Attacker,SWAT-ASH,AR,Pistol,5,10,2,6,1.6666666,5.0
211534,Attacker,SAS-RESERVE,AR,SMG,2,7,1,3,2.3333333,7.0
212002,Defender,SPETSNAZ-RESERVE,SMG,Pistol,3,6,1,4,1.5,6.0
212972,Attacker,SPETSNAZ-FUZE,LMG,Pistol,1,5,1,2,2.5,5.0
213031,Defender,JTAR-FROST,SG,Pistol,1,5,1,2,2.5,5.0
213437,Attacker,SAS-RESERVE,AR,Pistol,3,5,1,3,1.6666666,5.0
214531,Defender,SWAT-RESERVE,SG,Pistol,2,6,1,4,1.5,6.0
214593,Attacker,GSG9-RESERVE,AR,Pistol,2,5,1,3,1.6666666,5.0
214893,Attacker,SPETSNAZ-FUZE,AR,Pistol,7,14,3,10,1.4,4.6666665
214894,Attacker,SPETSNAZ-GLAZ,SR,Pistol,2,8,1,4,2.0,8.0
214972,Defender,SPETSNAZ-TACHANKA,SMG,Pistol,1,5,1,2,2.5,5.0
215707,Attacker,SWAT-RESERVE,AR,Pistol,2,5,1,3,1.6666666,5.0
218753,Defender,SWAT-PULSE,SMG,Pistol,4,10,2,5,2.0,5.0
218768,Attacker,G.E.O.-JACKAL,SG,Pistol,4,6,1,4,1.5,6.0
219017,Defender,SPETSNAZ-RESERVE,SMG,Pistol,3,10,2,5,2.0,5.0
219832,Defender,SAT-ECHO,SMG,Pistol,3,8,1,4,2.0,8.0
220220,Attacker,GIGN-TWITCH,SG,Pistol,4,9,1,5,1.8,9.0
220739,Attacker,SPETSNAZ-RESERVE,AR,Pistol,3,7,1,3,2.3333333,7.0
221231,Attacker,GSG9-RESERVE,AR,Pistol,4,7,1,5,1.4,7.0
222388,Attacker,SPETSNAZ-FUZE,LMG,Pistol,2,6,1,2,3.0,6.0
224734,Attacker,SPETSNAZ-RESERVE,LMG,Pistol,2,6,1,2,3.0,6.0
225151,Defender,SPETSNAZ-KAPKAN,SG,Pistol,3,5,1,3,1.6666666,5.0
225918,Attacker,SWAT-RESERVE,AR,Pistol,3,5,1,3,1.6666666,5.0
226126,Attacker,SAS-SLEDGE,SG,SMG,2,5,1,2,2.5,5.0
226180,Defender,GIGN-DOC,SG,Pistol,2,5,1,2,2.5,5.0
226781,Defender,SPETSNAZ-RESERVE,SMG,Pistol,4,7,1,4,1.75,7.0
228038,Attacker,GSG9-IQ,AR,Pistol,2,5,1,3,1.6666666,5.0
228074,Attacker,SPETSNAZ-GLAZ,SR,Pistol,3,9,1,4,2.25,9.0
228533,Attacker,SAS-RESERVE,AR,Pistol,2,5,1,3,1.6666666,5.0
228638,Defender,GIGN-DOC,SG,Pistol,6,9,1,7,1.2857143,9.0
228776,Attacker,GIGN-RESERVE,AR,Pistol,3,7,1,4,1.75,7.0
229372,Attacker,GIGN-RESERVE,AR,Pistol,2,6,1,3,2.0,6.0
229962,Attacker,GSG9-IQ,AR,Pistol,2,5,1,3,1.6666666,5.0
229973,Attacker,SAS-SLEDGE,SG,SMG,1,7,1,3,2.3333333,7.0
230016,Defender,GIGN-DOC,SMG,Pistol,2,6,1,3,2.0,6.0
230033,Defender,NAVYSEAL-VALKYRIE,SMG,Pistol,3,7,1,4,1.75,7.0
230695,Attacker,SAS-SLEDGE,SG,Pistol,4,6,1,4,1.5,6.0
231500,Attacker,GIGN-TWITCH,SG,Pistol,2,5,1,3,1.6666666,5.0
231570,Attacker,SPETSNAZ-RESERVE,LMG,Pistol,1,5,1,2,2.5,5.0
231802,Attacker,SWAT-THERMITE,AR,Pistol,4,7,1,4,1.75,7.0
231853,Defender,SWAT-CASTLE,SMG,Pistol,3,5,1,3,1.6666666,5.0
232484,Attacker,SPETSNAZ-RESERVE,LMG,Pistol,1,6,1,2,3.0,6.0
232656,Defender,SWAT-RESERVE,SG,Pistol,3,5,1,3,1.6666666,5.0
233050,Attacker,SWAT-RESERVE,AR,Pistol,2,5,1,3,1.6666666,5.0
233549,Attacker,NAVYSEAL-BLACKBEARD,SR,Pistol,0,5,1,2,2.5,5.0
233616,Defender,GSG9-JAGER,AR,Pistol,7,12,2,8,1.5,6.0
233648,Defender,SPETSNAZ-TACHANKA,SMG,Pistol,1,7,1,2,3.5,7.0
234984,Defender,GIGN-RESERVE,SG,Pistol,1,5,1,3,1.6666666,5.0
237070,Attacker,SPETSNAZ-RESERVE,AR,Pistol,5,7,1,5,1.4,7.0
237279,Attacker,GSG9-RESERVE,AR,Pistol,2,5,1,2,2.5,5.0
237311,Attacker,SWAT-ASH,AR,Pistol,4,13,2,6,2.1666667,6.5
237332,Defender,G.E.O.-MIRA,SG,Pistol,5,7,1,5,1.4,7.0
237379,Defender,SAT-ECHO,SMG,SMG,5,10,2,6,1.6666666,5.0
237382,Defender,SPETSNAZ-KAPKAN,SMG,Pistol,2,10,1,3,3.3333333,10.0
238681,Attacker,SWAT-RESERVE,AR,Pistol,3,7,1,3,2.3333333,7.0
238978,Attacker,SWAT-RESERVE,AR,Pistol,1,10,2,3,3.3333333,5.0
239150,Attacker,G.E.O.-JACKAL,AR,Pistol,2,6,1,3,2.0,6.0
239589,Defender,SWAT-RESERVE,SG,Pistol,1,5,1,2,2.5,5.0
241118,Attacker,SPETSNAZ-FUZE,AR,Pistol,2,6,1,3,2.0,6.0
241585,Attacker,SAS-RESERVE,AR,Pistol,2,5,1,3,1.6666666,5.0
241590,Attacker,SAS-RESERVE,AR,SMG,3,7,1,3,2.3333333,7.0
241874,Attacker,SAS-RESERVE,SG,SMG,6,12,2,8,1.5,6.0
243962,Defender,SWAT-RESERVE,SMG,Pistol,5,9,1,5,1.8,9.0
245157,Defender,GIGN-RESERVE,SMG,Pistol,3,6,1,4,1.5,6.0
245496,Defender,SPETSNAZ-KAPKAN,SG,Pistol,5,10,1,6,1.6666666,10.0
245788,Defender,SPETSNAZ-RESERVE,SMG,Pistol,4,6,1,4,1.5,6.0
246731,Attacker,SPETSNAZ-FUZE,LMG,Pistol,5,9,1,5,1.8,9.0
246737,Attacker,SPETSNAZ-GLAZ,SR,Pistol,2,5,1,2,2.5,5.0
246802,Defender,SAT-ECHO,SMG,SMG,2,7,1,3,2.3333333,7.0
246811,Defender,SWAT-CASTLE,SMG,Pistol,2,5,1,3,1.6666666,5.0
246940,Attacker,SPETSNAZ-RESERVE,AR,Pistol,3,6,1,3,2.0,6.0
247050,Defender,SAS-RESERVE,SMG,SMG,1,5,1,2,2.5,5.0
247267,Defender,GIGN-RESERVE,SG,Pistol,1,7,1,2,3.5,7.0
247344,Defender,SPETSNAZ-TACHANKA,SG,Pistol,3,6,1,3,2.0,6.0
248539,Attacker,G.E.O.-JACKAL,AR,Pistol,2,11,2,5,2.2,5.5
248546,Attacker,GIGN-MONTAGNE,Shield,Pistol,3,6,1,4,1.5,6.0
248574,Attacker,SAT-HIBANA,SG,SMG,3,9,1,3,3.0,9.0
249187,Defender,SAT-ECHO,SMG,Pistol,11,17,3,13,1.3076923,5.6666665
249771,Defender,SPETSNAZ-RESERVE,SMG,Pistol,1,5,1,3,1.6666666,5.0
252318,Attacker,GSG9-IQ,AR,Pistol,2,5,1,3,1.6666666,5.0
252394,Defender,GIGN-DOC,SMG,Pistol,2,5,1,2,2.5,5.0
252439,Defender,SPETSNAZ-TACHANKA,SMG,Pistol,4,7,1,4,1.75,7.0
252826,Attacker,SAS-RESERVE,AR,SMG,0,7,1,2,3.5,7.0
254247,Attacker,GSG9-RESERVE,AR,Pistol,2,6,1,3,2.0,6.0
254307,Defender,GIGN-DOC,SG,Pistol,2,5,1,3,1.6666666,5.0
254344,Defender,SAT-ECHO,SG,SMG,3,6,1,4,1.5,6.0
254347,Defender,SPETSNAZ-KAPKAN,SMG,Pistol,6,11,1,7,1.5714285,11.0
255054,Attacker,SPETSNAZ-RESERVE,AR,Pistol,2,14,3,5,2.8,4.6666665
255319,Attacker,SAS-THATCHER,SG,Pistol,1,5,1,2,2.5,5.0
255364,Attacker,SWAT-RESERVE,SG,Pistol,3,6,1,4,1.5,6.0
256224,Defender,GSG9-RESERVE,SMG,Pistol,1,5,1,2,2.5,5.0
256404,Attacker,SWAT-RESERVE,AR,Pistol,4,10,1,5,2.0,10.0
256990,Defender,G.E.O.-MIRA,SG,SG,3,5,1,3,1.6666666,5.0
258119,Defender,GSG9-RESERVE,SMG,Pistol,2,6,1,3,2.0,6.0
258135,Defender,SAT-ECHO,SG,SMG,4,7,1,5,1.4,7.0
258522,Attacker,SAS-SLEDGE,AR,Pistol,3,6,1,3,2.0,6.0
258548,Attacker,SPETSNAZ-FUZE,Shield,Pistol,1,6,1,2,3.0,6.0
258686,Defender,SPETSNAZ-RESERVE,SMG,Pistol,1,5,1,2,2.5,5.0
259427,Attacker,SWAT-RESERVE,AR,Pistol,3,5,1,3,1.6666666,5.0
259648,Attacker,GSG9-RESERVE,AR,Pistol,4,9,1,5,1.8,9.0
259945,Attacker,SPETSNAZ-FUZE,LMG,Pistol,3,11,1,4,2.75,11.0
260066,Attacker,GIGN-RESERVE,AR,Pistol,4,7,1,5,1.4,7.0
261794,Attacker,G.E.O.-JACKAL,AR,Pistol,4,12,1,6,2.0,12.0
261821,Attacker,JTAR-BUCK,SR,Pistol,3,6,1,4,1.5,6.0
261824,Attacker,NAVYSEAL-BLACKBEARD,SR,Pistol,3,6,1,3,2.0,6.0
262401,Defender,GSG9-RESERVE,AR,Pistol,4,7,1,5,1.4,7.0
262741,Defender,SPETSNAZ-RESERVE,SMG,Pistol,3,5,1,3,1.6666666,5.0
263190,Attacker,SWAT-RESERVE,AR,Pistol,3,6,1,4,1.5,6.0
264321,Defender,SAS-RESERVE,SMG,Pistol,1,7,1,2,3.5,7.0
265574,Attacker,G.E.O.-JACKAL,AR,Pistol,13,30,5,17,1.7647059,6.0
265597,Attacker,GSG9-RESERVE,SG,Pistol,1,5,1,2,2.5,5.0
265649,Defender,BOPE-CAVEIRA,SG,Pistol,5,11,2,6,1.8333334,5.5
266126,Attacker,SPETSNAZ-RESERVE,LMG,Pistol,3,7,1,5,1.4,7.0
266403,Attacker,SPETSNAZ-RESERVE,LMG,Pistol,2,5,1,2,2.5,5.0
267559,Defender,GIGN-DOC,SMG,Pistol,4,11,1,5,2.2,11.0
267564,Defender,GIGN-DOC,SMG,Pistol,2,5,1,3,1.6666666,5.0
268734,Defender,SAT-ECHO,SG,SMG,0,5,1,2,2.5,5.0
269378,Defender,SWAT-RESERVE,SMG,Pistol,2,5,1,3,1.6666666,5.0
269455,Attacker,SWAT-THERMITE,SG,Pistol,4,8,1,4,2.0,8.0
269842,Attacker,GIGN-RESERVE,AR,Pistol,0,5,1,2,2.5,5.0
269978,Defender,GIGN-RESERVE,SMG,Pistol,1,5,1,2,2.5,5.0
270085,Defender,SWAT-RESERVE,SMG,Pistol,3,9,1,4,2.25,9.0
270436,Attacker,GSG9-RESERVE,SG,Pistol,3,6,1,3,2.0,6.0
271314,Attacker,SAS-THATCHER,AR,Pistol,4,7,1,5,1.4,7.0
271354,Defender,GIGN-DOC,SMG,Pistol,2,5,1,3,1.6666666,5.0
271381,Defender,SAS-MUTE,SMG,Pistol,4,6,1,4,1.5,6.0
271390,Defender,SPETSNAZ-KAPKAN,SMG,Pistol,2,6,1,3,2.0,6.0
271777,Attacker,SAS-SLEDGE,AR,Pistol,2,8,1,3,2.6666667,8.0
272265,Defender,SWAT-RESERVE,SMG,Pistol,4,7,1,5,1.4,7.0
272683,Attacker,SWAT-RESERVE,AR,Pistol,3,5,1,3,1.6666666,5.0
273157,Attacker,G.E.O.-JACKAL,AR,Pistol,8,20,4,13,1.5384616,5.0
273159,Attacker,G.E.O.-JACKAL,SMG,SG,6,11,2,6,1.8333334,5.5
273597,Attacker,GIGN-RESERVE,AR,Pistol,3,7,1,4,1.75,7.0
274998,Attacker,G.E.O.-JACKAL,SMG,Pistol,5,8,1,5,1.6,8.0
275114,Defender,SWAT-CASTLE,SMG,Pistol,10,19,4,14,1.3571428,4.75
275637,Defender,SPETSNAZ-TACHANKA,SMG,Pistol,5,10,2,7,1.4285715,5.0
276384,Defender,G.E.O.-MIRA,SG,Pistol,2,5,1,3,1.6666666,5.0
276853,Attacker,GSG9-IQ,AR,Pistol,2,5,1,2,2.5,5.0
276866,Attacker,SAS-SLEDGE,SG,SMG,2,6,1,3,2.0,6.0
276950,Defender,SPETSNAZ-KAPKAN,SMG,Pistol,8,15,3,11,1.3636364,5.0
277188,Defender,SAS-RESERVE,SMG,Pistol,2,6,1,3,2.0,6.0
277305,Attacker,GSG9-IQ,AR,Pistol,4,7,1,5,1.4,7.0
277511,Defender,SWAT-RESERVE,SG,Pistol,1,5,1,2,2.5,5.0
278798,Defender,GIGN-ROOK,SMG,Pistol,5,9,1,6,1.5,9.0
278813,Defender,JTAR-FROST,SG,Pistol,4,8,1,5,1.6,8.0
278986,Attacker,SWAT-RESERVE,AR,Pistol,2,6,1,4,1.5,6.0
279250,Attacker,SPETSNAZ-FUZE,Shield,Pistol,2,6,1,3,2.0,6.0
279362,Defender,SAS-RESERVE,SMG,SMG,3,6,1,4,1.5,6.0
282534,Attacker,G.E.O.-JACKAL,AR,Pistol,9,18,2,11,1.6363636,9.0
282621,Defender,GSG9-BANDIT,SG,Pistol,3,5,1,3,1.6666666,5.0
282950,Defender,SWAT-RESERVE,SG,Pistol,4,8,1,6,1.3333334,8.0
283022,Attacker,SAS-RESERVE,SG,Pistol,2,6,1,2,3.0,6.0
283485,Defender,SPETSNAZ-TACHANKA,SG,Pistol,2,5,1,2,2.5,5.0
283781,Defender,SWAT-RESERVE,SG,Pistol,1,5,1,2,2.5,5.0
283851,Attacker,SAS-RESERVE,AR,SMG,3,7,1,4,1.75,7.0
284506,Defender,SAT-ECHO,SMG,SMG,3,6,1,3,2.0,6.0
284821,Defender,SWAT-RESERVE,SMG,Pistol,1,6,1,2,3.0,6.0
285148,Attacker,SAS-RESERVE,AR,Pistol,2,5,1,3,1.6666666,5.0
285486,Attacker,SWAT-ASH,AR,Pistol,3,6,1,4,1.5,6.0
285765,Attacker,SPETSNAZ-RESERVE,AR,Pistol,1,5,1,2,2.5,5.0
286084,Attacker,SWAT-RESERVE,AR,Pistol,2,5,1,2,2.5,5.0
286321,Defender,BOPE-CAVEIRA,SMG,Pistol,2,5,1,3,1.6666666,5.0
286581,Defender,GIGN-ROOK,SG,Pistol,7,13,2,8,1.625,6.5
286862,Defender,GSG9-RESERVE,SG,Pistol,2,5,1,3,1.6666666,5.0
288035,Defender,SAT-ECHO,SG,Pistol,1,6,1,3,2.0,6.0
288156,Defender,BOPE-CAVEIRA,SG,Pistol,4,8,1,5,1.6,8.0
288188,Defender,SAS-MUTE,SG,Pistol,4,7,1,4,1.75,7.0
288524,Attacker,GIGN-RESERVE,AR,Pistol,2,6,1,3,2.0,6.0
290051,Attacker,GIGN-TWITCH,SG,Pistol,3,6,1,3,2.0,6.0
291802,Defender,SAS-RESERVE,SG,SMG,4,7,1,5,1.4,7.0
292941,Defender,SPETSNAZ-RESERVE,SMG,Pistol,1,7,1,2,3.5,7.0
293678,Defender,GIGN-ROOK,SMG,Pistol,4,9,1,5,1.8,9.0
293703,Defender,SAS-RESERVE,SMG,Pistol,2,6,1,2,3.0,6.0
295540,Attacker,SAS-THATCHER,AR,Pistol,5,11,2,6,1.8333334,5.5
295561,Attacker,SWAT-ASH,AR,Pistol,3,7,1,5,1.4,7.0
295938,Defender,SWAT-RESERVE,SG,Pistol,2,8,1,3,2.6666667,8.0
296164,Defender,SAT-ECHO,SMG,Pistol,8,12,2,9,1.3333334,6.0
297504,Defender,SAT-ECHO,SG,SMG,2,5,1,2,2.5,5.0
297530,Attacker,G.E.O.-JACKAL,SG,SG,3,5,1,3,1.6666666,5.0
298254,Defender,GIGN-ROOK,SG,Pistol,10,19,3,12,1.5833334,6.3333335
299832,Defender,GSG9-RESERVE,AR,Pistol,4,6,1,4,1.5,6.0
301114,Attacker,JTAR-BUCK,SR,Pistol,9,18,2,11,1.6363636,9.0
301121,Attacker,SAS-THATCHER,AR,Pistol,2,5,1,3,1.6666666,5.0
302374,Attacker,GIGN-TWITCH,SG,Pistol,5,10,1,6,1.6666666,10.0
303065,Defender,SWAT-CASTLE,SMG,Pistol,3,7,1,4,1.75,7.0
303737,Attacker,SPETSNAZ-RESERVE,LMG,Pistol,1,5,1,2,2.5,5.0
305557,Attacker,GIGN-RESERVE,SG,Pistol,3,8,1,4,2.0,8.0
307339,Defender,GIGN-RESERVE,SMG,Pistol,3,6,1,4,1.5,6.0
308688,Attacker,SAT-HIBANA,AR,Pistol,5,12,1,6,2.0,12.0
308722,Defender,GIGN-DOC,SMG,Pistol,6,11,1,7,1.5714285,11.0
308725,Defender,GIGN-DOC,SMG,Pistol,3,6,1,4,1.5,6.0
308726,Defender,GIGN-DOC,SMG,Pistol,3,7,1,4,1.75,7.0
308755,Defender,SAT-ECHO,SMG,SMG,2,5,1,3,1.6666666,5.0
309793,Defender,GIGN-RESERVE,SG,Pistol,1,5,1,2,2.5,5.0
310073,Defender,GIGN-RESERVE,SMG,Pistol,1,6,1,3,2.0,6.0
311134,Defender,SAS-RESERVE,SMG,SMG,5,8,1,5,1.6,8.0
311299,Attacker,SPETSNAZ-RESERVE,LMG,Pistol,1,5,1,1,5.0,5.0
311875,Attacker,SWAT-RESERVE,SG,Pistol,2,5,1,3,1.6666666,5.0
312338,Attacker,G.E.O.-JACKAL,AR,SG,7,12,2,7,1.7142857,6.0
312447,Defender,SAS-MUTE,SG,Pistol,4,12,2,6,2.0,6.0
312605,Attacker,SWAT-RESERVE,AR,Pistol,1,5,1,2,2.5,5.0
313095,Attacker,SAS-RESERVE,SG,Pistol,0,5,1,2,2.5,5.0
313280,Defender,SPETSNAZ-RESERVE,SMG,Pistol,3,5,1,3,1.6666666,5.0
314214,Attacker,JTAR-BUCK,SR,Pistol,5,8,1,6,1.3333334,8.0
314314,Defender,SPETSNAZ-TACHANKA,SMG,Pistol,3,8,1,4,2.0,8.0
314849,Defender,SPETSNAZ-TACHANKA,SMG,Pistol,2,6,1,3,2.0,6.0
316147,Defender,JTAR-FROST,SMG,Pistol,5,12,2,6,2.0,6.0
316685,Defender,SPETSNAZ-KAPKAN,SG,Pistol,1,5,1,2,2.5,5.0
318481,Attacker,SWAT-RESERVE,AR,Pistol,4,10,2,6,1.6666666,5.0
319914,Defender,GIGN-DOC,SMG,Pistol,3,9,1,4,2.25,9.0
320224,Defender,SAT-ECHO,SG,Pistol,2,6,1,3,2.0,6.0
320372,Attacker,SPETSNAZ-RESERVE,LMG,Pistol,2,6,1,3,2.0,6.0
321429,Attacker,G.E.O.-JACKAL,SG,SG,1,5,1,2,2.5,5.0
321726,Attacker,G.E.O.-JACKAL,AR,Pistol,3,5,1,3,1.6666666,5.0
321758,Attacker,SAS-SLEDGE,AR,SMG,2,6,1,3,2.0,6.0
321760,Attacker,SAS-THATCHER,AR,Pistol,3,6,1,4,1.5,6.0
322457,Attacker,SAS-RESERVE,AR,SMG,3,6,1,3,2.0,6.0
322506,Attacker,SPETSNAZ-RESERVE,LMG,Pistol,2,5,1,3,1.6666666,5.0
322525,Attacker,SWAT-RESERVE,AR,Pistol,2,5,1,3,1.6666666,5.0
323027,Attacker,SAS-RESERVE,AR,Pistol,2,5,1,2,2.5,5.0
323898,Attacker,SWAT-RESERVE,SG,Pistol,2,5,1,3,1.6666666,5.0
325172,Attacker,GSG9-IQ,AR,Pistol,7,15,2,9,1.6666666,7.5
325222,Defender,SWAT-PULSE,SMG,Pistol,4,7,1,4,1.75,7.0
326921,Defender,SPETSNAZ-TACHANKA,SMG,Pistol,2,5,1,3,1.6666666,5.0
327021,Defender,SPETSNAZ-KAPKAN,SMG,Pistol,3,5,1,3,1.6666666,5.0
327357,Attacker,GIGN-RESERVE,AR,Pistol,2,5,1,3,1.6666666,5.0
327375,Attacker,GSG9-IQ,AR,Pistol,3,7,1,4,1.75,7.0
327510,Defender,GSG9-JAGER,SG,Pistol,7,11,1,8,1.375,11.0
327846,Defender,SAT-ECHO,SG,Pistol,2,5,1,3,1.6666666,5.0
329364,Defender,SWAT-PULSE,SG,Pistol,2,5,1,3,1.6666666,5.0
330576,Attacker,SPETSNAZ-FUZE,AR,Pistol,7,10,2,7,1.4285715,5.0
330988,Attacker,SAS-RESERVE,SG,SMG,3,6,1,4,1.5,6.0
332054,Defender,SWAT-RESERVE,SMG,Pistol,3,6,1,3,2.0,6.0
332147,Attacker,SPETSNAZ-FUZE,LMG,Pistol,1,10,2,3,3.3333333,5.0
332346,Attacker,NAVYSEAL-BLACKBEARD,AR,Pistol,8,16,3,10,1.6,5.3333335
332387,Defender,GSG9-JAGER,AR,Pistol,3,5,1,3,1.6666666,5.0
332409,Defender,SWAT-PULSE,SG,Pistol,4,11,2,5,2.2,5.5
332959,Defender,SWAT-RESERVE,SMG,Pistol,3,7,1,3,2.3333333,7.0
335384,Attacker,G.E.O.-JACKAL,SG,Pistol,4,9,1,4,2.25,9.0
335631,Defender,SPETSNAZ-RESERVE,SMG,Pistol,1,5,1,2,2.5,5.0
336417,Attacker,SAS-RESERVE,AR,Pistol,2,5,1,3,1.6666666,5.0
336422,Attacker,SAS-RESERVE,SG,SMG,2,6,1,3,2.0,6.0
337531,Attacker,GIGN-RESERVE,AR,Pistol,1,5,1,2,2.5,5.0
338287,Attacker,SAS-RESERVE,SG,SMG,2,6,1,3,2.0,6.0
339715,Attacker,SAS-SLEDGE,SG,SMG,4,9,1,5,1.8,9.0
340280,Defender,GIGN-ROOK,SG,Pistol,5,9,1,6,1.5,9.0
341581,Attacker,GIGN-TWITCH,AR,Pistol,4,11,2,6,1.8333334,5.5
341591,Attacker,JTAR-BUCK,SR,Pistol,4,8,1,5,1.6,8.0
341606,Attacker,SAT-HIBANA,AR,Pistol,2,5,1,3,1.6666666,5.0
341634,Defender,GIGN-DOC,SMG,Pistol,4,7,1,5,1.4,7.0
341636,Defender,GIGN-DOC,SMG,Pistol,2,5,1,2,2.5,5.0
342087,Attacker,SPETSNAZ-RESERVE,SG,Pistol,3,6,1,4,1.5,6.0
342165,Defender,GSG9-RESERVE,AR,Pistol,3,5,1,3,1.6666666,5.0
342913,Attacker,SAS-RESERVE,AR,SMG,4,10,1,5,2.0,10.0
343077,Defender,SAS-RESERVE,SMG,SMG,4,12,2,6,2.0,6.0
343430,Attacker,G.E.O.-JACKAL,SMG,Pistol,1,5,1,2,2.5,5.0
343915,Attacker,SPETSNAZ-FUZE,Shield,Pistol,2,6,1,3,2.0,6.0
345331,Defender,SWAT-CASTLE,SMG,Pistol,1,6,1,2,3.0,6.0
345459,Attacker,SPETSNAZ-RESERVE,LMG,Pistol,2,5,1,3,1.6666666,5.0
346945,Defender,GIGN-RESERVE,SG,Pistol,1,5,1,3,1.6666666,5.0
347087,Attacker,SAS-THATCHER,AR,Pistol,4,7,1,5,1.4,7.0
347112,Defender,BOPE-CAVEIRA,SMG,Pistol,17,33,7,20,1.65,4.714286
347125,Defender,GIGN-ROOK,SMG,Pistol,9,19,2,11,1.7272727,9.5
347560,Attacker,SPETSNAZ-RESERVE,LMG,Pistol,1,6,1,2,3.0,6.0
347607,Defender,GIGN-DOC,SG,Pistol,2,5,1,3,1.6666666,5.0
348091,Attacker,SAT-HIBANA,SG,Pistol,1,5,1,2,2.5,5.0
349093,Attacker,SPETSNAZ-RESERVE,AR,Pistol,2,7,1,3,2.3333333,7.0
350722,Attacker,SPETSNAZ-GLAZ,SR,Pistol,7,12,2,9,1.3333334,6.0
350781,Defender,SPETSNAZ-KAPKAN,SG,Pistol,1,5,1,2,2.5,5.0
352658,Defender,SWAT-PULSE,SMG,Pistol,3,7,1,4,1.75,7.0
354517,Attacker,G.E.O.-JACKAL,SG,Pistol,2,8,1,3,2.6666667,8.0
354685,Defender,GIGN-RESERVE,SMG,Pistol,2,5,1,2,2.5,5.0
354826,Attacker,GIGN-RESERVE,AR,Pistol,2,5,1,3,1.6666666,5.0
355046,Defender,SWAT-PULSE,SG,Pistol,2,5,1,2,2.5,5.0
356060,Attacker,SWAT-RESERVE,AR,Pistol,3,6,1,4,1.5,6.0
356248,Attacker,SAS-THATCHER,AR,Pistol,5,11,2,6,1.8333334,5.5
356249,Attacker,SAS-THATCHER,AR,Pistol,5,9,1,5,1.8,9.0
356321,Defender,SPETSNAZ-KAPKAN,SMG,Pistol,3,8,1,4,2.0,8.0
356334,Defender,SWAT-PULSE,SMG,Pistol,2,5,1,3,1.6666666,5.0
356722,Attacker,SPETSNAZ-FUZE,Shield,Pistol,3,7,1,3,2.3333333,7.0
356780,Defender,GIGN-RESERVE,SMG,Pistol,2,6,1,3,2.0,6.0
356807,Defender,GSG9-RESERVE,AR,Pistol,3,7,1,3,2.3333333,7.0
356859,Defender,SPETSNAZ-TACHANKA,SMG,Pistol,3,5,1,3,1.6666666,5.0
357167,Defender,SWAT-RESERVE,SMG,Pistol,3,6,1,3,2.0,6.0
357471,Attacker,G.E.O.-JACKAL,SG,SG,3,6,1,4,1.5,6.0
358738,Attacker,GIGN-RESERVE,AR,Pistol,6,9,1,7,1.2857143,9.0
359318,Attacker,GIGN-RESERVE,AR,Pistol,5,8,1,6,1.3333334,8.0
359965,Defender,JTAR-FROST,SG,Pistol,3,7,1,3,2.3333333,7.0
359976,Defender,SAT-ECHO,SMG,SMG,7,13,2,9,1.4444444,6.5
359977,Defender,SAT-ECHO,SG,SMG,2,6,1,3,2.0,6.0
360957,Attacker,SWAT-RESERVE,AR,Pistol,7,11,2,8,1.375,5.5
361764,Defender,GIGN-DOC,SMG,Pistol,2,5,1,2,2.5,5.0
362139,Attacker,GSG9-RESERVE,AR,Pistol,1,5,1,2,2.5,5.0
362152,Attacker,NAVYSEAL-BLACKBEARD,SR,Pistol,3,5,1,3,1.6666666,5.0
362774,Attacker,SWAT-RESERVE,AR,Pistol,3,7,1,5,1.4,7.0
363108,Defender,GIGN-RESERVE,SMG,Pistol,2,5,1,3,1.6666666,5.0
363623,Defender,SAS-MUTE,SG,Pistol,3,5,1,3,1.6666666,5.0
363643,Defender,SWAT-CASTLE,SMG,Pistol,2,5,1,3,1.6666666,5.0
363773,Attacker,SPETSNAZ-RESERVE,LMG,Pistol,3,5,1,3,1.6666666,5.0
363977,Attacker,GIGN-RESERVE,AR,Pistol,2,5,1,3,1.6666666,5.0
364336,Attacker,SPETSNAZ-RESERVE,LMG,Pistol,5,12,1,5,2.4,12.0
365456,Attacker,NAVYSEAL-BLACKBEARD,SR,Pistol,5,8,1,6,1.3333334,8.0
365947,Attacker,SAS-SLEDGE,SG,Pistol,3,8,1,4,2.0,8.0
366474,Attacker,GIGN-RESERVE,SG,Pistol,3,7,1,4,1.75,7.0
367329,Attacker,G.E.O.-JACKAL,SMG,Pistol,2,5,1,3,1.6666666,5.0
367359,Attacker,SAT-HIBANA,AR,Pistol,3,7,1,4,1.75,7.0
367380,Attacker,SWAT-THERMITE,AR,Pistol,3,6,1,4,1.5,6.0
367435,Defender,SWAT-PULSE,SG,Pistol,2,5,1,3,1.6666666,5.0
367491,Attacker,GSG9-RESERVE,AR,Pistol,2,5,1,3,1.6666666,5.0
367756,Attacker,GIGN-RESERVE,AR,Pistol,2,5,1,2,2.5,5.0
369081,Defender,SAS-RESERVE,SMG,SMG,3,5,1,3,1.6666666,5.0
369600,Attacker,GSG9-IQ,AR,Pistol,2,8,1,3,2.6666667,8.0
369618,Attacker,SAS-RESERVE,AR,Pistol,3,7,1,4,1.75,7.0
369776,Defender,SPETSNAZ-KAPKAN,SG,Pistol,2,5,1,2,2.5,5.0
370969,Attacker,GIGN-TWITCH,AR,Pistol,0,5,1,2,2.5,5.0
371009,Attacker,SWAT-ASH,AR,Pistol,1,5,1,2,2.5,5.0
371032,Defender,GIGN-DOC,SMG,Pistol,1,5,1,2,2.5,5.0
371449,Attacker,SPETSNAZ-FUZE,Shield,Pistol,2,5,1,3,1.6666666,5.0
371511,Defender,GIGN-RESERVE,SG,Pistol,2,6,1,2,3.0,6.0
371969,Attacker,SAS-RESERVE,AR,SMG,2,5,1,3,1.6666666,5.0
372830,Defender,GIGN-DOC,SMG,Pistol,3,5,1,3,1.6666666,5.0
372864,Defender,SWAT-CASTLE,SMG,Pistol,6,14,3,9,1.5555556,4.6666665
372867,Defender,SWAT-PULSE,SG,Pistol,2,7,1,3,2.3333333,7.0
373116,Defender,SAT-ECHO,SG,Pistol,4,6,1,4,1.5,6.0
373257,Attacker,SPETSNAZ-RESERVE,LMG,Pistol,2,5,1,2,2.5,5.0
373770,Attacker,SAS-RESERVE,SG,SMG,3,7,1,3,2.3333333,7.0
374045,Attacker,SAS-RESERVE,AR,SMG,3,5,1,3,1.6666666,5.0
374598,Attacker,SPETSNAZ-GLAZ,SR,Pistol,7,11,1,8,1.375,11.0
374638,Defender,GSG9-JAGER,AR,Pistol,3,8,1,4,2.0,8.0
374658,Defender,SPETSNAZ-KAPKAN,SMG,Pistol,3,10,1,4,2.5,10.0
375151,Defender,NAVYSEAL-VALKYRIE,SG,Pistol,2,5,1,3,1.6666666,5.0
375187,Defender,SPETSNAZ-KAPKAN,SG,Pistol,3,6,1,3,2.0,6.0
375685,Defender,GIGN-RESERVE,SG,Pistol,2,7,1,4,1.75,7.0
375729,Defender,SAS-RESERVE,SG,Pistol,2,5,1,3,1.6666666,5.0
376424,Attacker,NAVYSEAL-BLACKBEARD,SR,Pistol,2,7,1,3,2.3333333,7.0
376486,Defender,GSG9-RESERVE,AR,Pistol,2,10,2,4,2.5,5.0
376491,Defender,JTAR-FROST,SG,Pistol,5,8,1,5,1.6,8.0
377111,Attacker,GIGN-RESERVE,AR,Pistol,2,6,1,3,2.0,6.0
377276,Defender,GIGN-RESERVE,SG,Pistol,5,11,2,6,1.8333334,5.5
377353,Defender,SPETSNAZ-RESERVE,SMG,Pistol,0,5,1,2,2.5,5.0
378331,Attacker,SAT-HIBANA,SG,SMG,1,5,1,2,2.5,5.0
378408,Defender,SPETSNAZ-KAPKAN,SMG,Pistol,4,6,1,4,1.5,6.0
378564,Attacker,SWAT-RESERVE,SG,Pistol,2,5,1,3,1.6666666,5.0
378603,Defender,GIGN-RESERVE,SMG,Pistol,2,5,1,3,1.6666666,5.0
378775,Attacker,GSG9-RESERVE,AR,Pistol,2,5,1,3,1.6666666,5.0
380178,Attacker,G.E.O.-JACKAL,SMG,SG,4,10,2,6,1.6666666,5.0
380188,Attacker,GIGN-TWITCH,SG,Pistol,2,5,1,3,1.6666666,5.0
380235,Defender,BOPE-CAVEIRA,SMG,Pistol,2,6,1,3,2.0,6.0
380250,Defender,GIGN-ROOK,SMG,Pistol,2,6,1,3,2.0,6.0
380427,Attacker,SWAT-RESERVE,AR,Pistol,2,5,1,3,1.6666666,5.0
380626,Attacker,GSG9-RESERVE,AR,Pistol,2,9,1,3,3.0,9.0
382126,Defender,SWAT-CASTLE,SMG,Pistol,2,5,1,3,1.6666666,5.0
382135,Defender,SWAT-PULSE,SMG,Pistol,7,15,3,9,1.6666666,5.0
382758,Attacker,SAS-RESERVE,SG,SMG,3,5,1,3,1.6666666,5.0
382904,Defender,SAS-RESERVE,SMG,Pistol,2,5,1,2,2.5,5.0
383391,Attacker,SWAT-RESERVE,SG,Pistol,2,6,1,2,3.0,6.0
383850,Attacker,G.E.O.-JACKAL,SMG,SG,5,10,1,5,2.0,10.0
383863,Attacker,GSG9-BLITZ,Shield,Pistol,2,8,1,4,2.0,8.0
383939,Defender,GSG9-JAGER,AR,Pistol,8,24,4,13,1.8461539,6.0
384081,Attacker,SPETSNAZ-FUZE,Shield,Pistol,2,5,1,2,2.5,5.0
384424,Defender,GIGN-ROOK,SG,Pistol,2,6,1,3,2.0,6.0
384583,Attacker,SAS-RESERVE,AR,SMG,4,10,2,6,1.6666666,5.0
384771,Defender,SPETSNAZ-RESERVE,SMG,Pistol,2,5,1,2,2.5,5.0
385220,Attacker,SWAT-RESERVE,SG,Pistol,3,5,1,3,1.6666666,5.0
386021,Defender,SAS-RESERVE,SMG,Pistol,2,8,1,3,2.6666667,8.0
386151,Attacker,SAS-RESERVE,AR,Pistol,2,5,1,2,2.5,5.0
386177,Attacker,SPETSNAZ-FUZE,LMG,Pistol,5,10,2,6,1.6666666,5.0
386185,Attacker,SPETSNAZ-FUZE,Shield,Pistol,2,6,1,3,2.0,6.0
386234,Defender,GIGN-DOC,SG,Pistol,4,6,1,4,1.5,6.0
387866,Defender,SPETSNAZ-KAPKAN,SG,Pistol,4,13,2,5,2.6,6.5
389048,Attacker,GIGN-RESERVE,AR,Pistol,3,6,1,4,1.5,6.0
389338,Attacker,G.E.O.-JACKAL,SMG,Pistol,4,7,1,4,1.75,7.0
389696,Defender,SAS-RESERVE,SG,SMG,1,5,1,3,1.6666666,5.0
391270,Attacker,SAT-HIBANA,SG,SMG,2,5,1,3,1.6666666,5.0
391756,Attacker,SPETSNAZ-FUZE,LMG,Pistol,3,6,1,4,1.5,6.0
392668,Attacker,SWAT-RESERVE,SG,Pistol,2,5,1,3,1.6666666,5.0
393234,Defender,SWAT-CASTLE,SMG,Pistol,3,5,1,3,1.6666666,5.0
393535,Defender,SWAT-RESERVE,SMG,Pistol,5,8,1,6,1.3333334,8.0
395391,Attacker,GSG9-IQ,AR,Pistol,3,11,1,4,2.75,11.0
395540,Defender,SAS-RESERVE,SMG,SMG,6,16,3,9,1.7777778,5.3333335
396165,Attacker,GIGN-RESERVE,AR,Pistol,3,6,1,3,2.0,6.0
396730,Attacker,G.E.O.-JACKAL,SMG,SG,2,7,1,3,2.3333333,7.0
396744,Attacker,GSG9-IQ,AR,Pistol,7,18,3,8,2.25,6.0
396798,Defender,GIGN-DOC,SMG,Pistol,5,8,1,6,1.3333334,8.0
397367,Defender,SWAT-RESERVE,SG,Pistol,6,11,1,6,1.8333334,11.0
397879,Defender,SAT-ECHO,SMG,Pistol,4,8,1,5,1.6,8.0
398399,Defender,GIGN-RESERVE,SG,Pistol,1,6,1,2,3.0,6.0
398513,Attacker,BOPE-CAPITAO,LMG,Pistol,1,5,1,2,2.5,5.0
398671,Attacker,GSG9-RESERVE,AR,Pistol,4,8,1,5,1.6,8.0
400429,Defender,SPETSNAZ-KAPKAN,SMG,Pistol,3,6,1,4,1.5,6.0
402262,Defender,NAVYSEAL-VALKYRIE,SMG,Pistol,3,5,1,3,1.6666666,5.0
402753,Defender,GIGN-RESERVE,SMG,Pistol,1,6,1,2,3.0,6.0
403303,Defender,BOPE-CAVEIRA,SG,Pistol,6,11,2,8,1.375,5.5
404074,Attacker,GSG9-IQ,AR,Pistol,3,7,1,4,1.75,7.0
404658,Defender,GIGN-ROOK,SG,Pistol,4,7,1,4,1.75,7.0
404671,Defender,GSG9-RESERVE,SMG,Pistol,6,10,1,6,1.6666666,10.0
405962,Attacker,SPETSNAZ-FUZE,AR,Pistol,2,5,1,3,1.6666666,5.0
406565,Defender,SPETSNAZ-TACHANKA,SG,Pistol,2,7,1,3,2.3333333,7.0
407286,Defender,G.E.O.-MIRA,SG,SG,2,5,1,3,1.6666666,5.0
408152,Attacker,GSG9-RESERVE,AR,Pistol,2,6,1,3,2.0,6.0
408279,Defender,NAVYSEAL-VALKYRIE,SG,Pistol,3,6,1,4,1.5,6.0
409924,Attacker,GSG9-RESERVE,AR,Pistol,2,6,1,3,2.0,6.0
411745,Attacker,GSG9-RESERVE,AR,Pistol,2,5,1,3,1.6666666,5.0
411818,Attacker,SWAT-RESERVE,AR,Pistol,2,6,1,3,2.0,6.0
411825,Attacker,SWAT-THERMITE,SG,Pistol,3,7,1,4,1.75,7.0
411920,Defender,SPETSNAZ-KAPKAN,SG,Pistol,4,8,1,5,1.6,8.0
412173,Defender,SAS-RESERVE,SMG,Pistol,3,8,1,4,2.0,8.0
412645,Attacker,SPETSNAZ-RESERVE,SG,Pistol,2,7,1,3,2.3333333,7.0
413310,Attacker,SAS-RESERVE,SG,SMG,1,5,1,2,2.5,5.0
413491,Defender,SPETSNAZ-RESERVE,SMG,Pistol,2,5,1,2,2.5,5.0
413674,Defender,GIGN-RESERVE,SG,Pistol,2,5,1,2,2.5,5.0
414635,Defender,SWAT-RESERVE,SG,Pistol,3,9,1,4,2.25,9.0
414979,Attacker,NAVYSEAL-BLACKBEARD,SR,Pistol,2,5,1,3,1.6666666,5.0
414983,Attacker,SAS-THATCHER,AR,Pistol,3,7,1,4,1.75,7.0
415661,Attacker,GIGN-RESERVE,AR,Pistol,5,7,1,5,1.4,7.0
416874,Attacker,SWAT-ASH,AR,Pistol,5,14,3,8,1.75,4.6666665
416906,Defender,GIGN-ROOK,SMG,Pistol,4,6,1,4,1.5,6.0
416926,Defender,SAS-MUTE,SG,Pistol,1,5,1,2,2.5,5.0
418373,Defender,SPETSNAZ-KAPKAN,SG,Pistol,2,6,1,3,2.0,6.0
418469,Attacker,GSG9-RESERVE,AR,Pistol,2,7,1,3,2.3333333,7.0
418723,Attacker,G.E.O.-JACKAL,SMG,Pistol,2,5,1,3,1.6666666,5.0
419188,Attacker,SAS-RESERVE,AR,SMG,2,5,1,2,2.5,5.0
419305,Defender,NAVYSEAL-VALKYRIE,SG,Pistol,4,8,1,4,2.0,8.0
419960,Attacker,GIGN-RESERVE,AR,Pistol,1,5,1,2,2.5,5.0
420582,Attacker,SPETSNAZ-FUZE,LMG,Pistol,3,6,1,3,2.0,6.0
420601,Attacker,SWAT-RESERVE,AR,Pistol,1,5,1,2,2.5,5.0
420651,Defender,SPETSNAZ-KAPKAN,SMG,Pistol,6,14,3,8,1.75,4.6666665
421347,Attacker,SWAT-RESERVE,AR,Pistol,2,6,1,3,2.0,6.0
422196,Attacker,SWAT-RESERVE,AR,Pistol,2,5,1,3,1.6666666,5.0
422394,Attacker,SAS-SLEDGE,AR,SMG,4,7,1,4,1.75,7.0
422438,Defender,GIGN-DOC,SMG,Pistol,3,7,1,4,1.75,7.0
422458,Defender,JTAR-FROST,SG,Pistol,2,5,1,3,1.6666666,5.0
423002,Defender,SPETSNAZ-TACHANKA,SMG,Pistol,1,5,1,2,2.5,5.0
423050,Attacker,GIGN-RESERVE,AR,Pistol,4,9,1,4,2.25,9.0
424224,Attacker,SPETSNAZ-FUZE,LMG,Pistol,3,7,1,4,1.75,7.0
424228,Attacker,SPETSNAZ-FUZE,Shield,Pistol,1,5,1,2,2.5,5.0
424257,Defender,GIGN-DOC,SG,Pistol,1,5,1,2,2.5,5.0
424317,Attacker,G.E.O.-JACKAL,SG,Pistol,3,6,1,3,2.0,6.0
424814,Defender,SPETSNAZ-KAPKAN,SG,Pistol,3,10,1,3,3.3333333,10.0
424845,Defender,SWAT-RESERVE,SG,Pistol,3,8,1,3,2.6666667,8.0
425526,Attacker,SPETSNAZ-RESERVE,AR,Pistol,3,7,1,3,2.3333333,7.0
427286,Attacker,GIGN-TWITCH,SG,Pistol,2,5,1,3,1.6666666,5.0
427667,Attacker,SPETSNAZ-RESERVE,AR,Pistol,1,7,1,2,3.5,7.0
428246,Defender,SPETSNAZ-RESERVE,SMG,Pistol,2,5,1,3,1.6666666,5.0
428315,Attacker,GIGN-TWITCH,SG,Pistol,5,16,2,7,2.2857144,8.0
428857,Attacker,GIGN-RESERVE,AR,Pistol,2,5,1,3,1.6666666,5.0
429773,Attacker,SPETSNAZ-FUZE,AR,Pistol,2,7,1,4,1.75,7.0
430224,Attacker,SAS-RESERVE,AR,Pistol,1,5,1,3,1.6666666,5.0
430564,Attacker,SWAT-RESERVE,SG,Pistol,2,5,1,2,2.5,5.0
431051,Attacker,GIGN-TWITCH,SG,Pistol,2,5,1,3,1.6666666,5.0
431613,Attacker,G.E.O.-JACKAL,SMG,SG,6,11,2,8,1.375,5.5
431684,Defender,GIGN-DOC,SMG,Pistol,3,7,1,3,2.3333333,7.0
431721,Defender,SPETSNAZ-KAPKAN,SG,Pistol,2,5,1,3,1.6666666,5.0
431849,Attacker,SPETSNAZ-RESERVE,AR,Pistol,2,6,1,3,2.0,6.0
432999,Attacker,SWAT-RESERVE,AR,Pistol,4,7,1,5,1.4,7.0
433502,Attacker,SPETSNAZ-FUZE,AR,Pistol,4,9,1,5,1.8,9.0
433816,Defender,SAS-RESERVE,SMG,Pistol,3,6,1,3,2.0,6.0
434067,Defender,GSG9-RESERVE,SMG,Pistol,4,10,1,5,2.0,10.0
435358,Defender,GIGN-DOC,SMG,Pistol,4,7,1,4,1.75,7.0
435402,Defender,SWAT-PULSE,SG,Pistol,2,6,1,3,2.0,6.0
435477,Attacker,SAS-RESERVE,AR,SMG,2,7,1,3,2.3333333,7.0
435526,Attacker,SPETSNAZ-RESERVE,AR,Pistol,3,5,1,3,1.6666666,5.0
435879,Defender,GSG9-RESERVE,SMG,Pistol,2,7,1,4,1.75,7.0
436850,Attacker,GIGN-TWITCH,SG,Pistol,1,5,1,2,2.5,5.0
437314,Attacker,SAS-RESERVE,AR,Pistol,2,5,1,2,2.5,5.0
437707,Defender,GSG9-JAGER,SG,Pistol,3,8,1,3,2.6666667,8.0
438953,Attacker,G.E.O.-JACKAL,SMG,Pistol,3,5,1,3,1.6666666,5.0
438988,Attacker,SPETSNAZ-FUZE,AR,Pistol,1,6,1,2,3.0,6.0
438995,Attacker,SWAT-ASH,AR,Pistol,10,32,4,15,2.1333334,8.0
439039,Defender,JTAR-FROST,SG,Pistol,2,5,1,3,1.6666666,5.0
439484,Attacker,SWAT-RESERVE,AR,Pistol,5,13,2,6,2.1666667,6.5
439534,Defender,GIGN-ROOK,SMG,Pistol,5,13,2,7,1.8571428,6.5
439626,Defender,SWAT-RESERVE,SMG,Pistol,3,7,1,4,1.75,7.0
440342,Attacker,SWAT-RESERVE,AR,Pistol,4,6,1,4,1.5,6.0
440621,Attacker,SPETSNAZ-RESERVE,SG,Pistol,4,10,2,5,2.0,5.0
440889,Defender,GSG9-JAGER,AR,Pistol,13,23,5,16,1.4375,4.6
441254,Attacker,GIGN-TWITCH,AR,Pistol,7,14,3,9,1.5555556,4.6666665
441430,Defender,SAT-ECHO,SMG,Pistol,7,12,2,9,1.3333334,6.0
442519,Defender,GIGN-RESERVE,SG,Pistol,1,6,1,2,3.0,6.0
442654,Attacker,GSG9-BLITZ,Shield,Pistol,2,7,1,4,1.75,7.0
443336,Attacker,GIGN-RESERVE,SG,Pistol,3,5,1,3,1.6666666,5.0
444980,Attacker,SPETSNAZ-FUZE,LMG,Pistol,2,6,1,3,2.0,6.0
445073,Defender,NAVYSEAL-VALKYRIE,SG,Pistol,3,7,1,4,1.75,7.0
445288,Defender,G.E.O.-MIRA,SG,Pistol,4,10,2,6,1.6666666,5.0
445493,Attacker,SAS-RESERVE,AR,SMG,2,5,1,3,1.6666666,5.0
445748,Attacker,GIGN-TWITCH,SG,Pistol,3,5,1,3,1.6666666,5.0
446928,Attacker,G.E.O.-JACKAL,SG,SG,3,6,1,3,2.0,6.0
447604,Attacker,SWAT-RESERVE,SG,Pistol,2,5,1,3,1.6666666,5.0
448085,Attacker,SAS-RESERVE,SG,SMG,2,5,1,3,1.6666666,5.0
448281,Attacker,SPETSNAZ-FUZE,Shield,Pistol,2,5,1,2,2.5,5.0
448288,Attacker,SPETSNAZ-RESERVE,LMG,Pistol,4,8,1,5,1.6,8.0
448501,Attacker,GSG9-RESERVE,AR,Pistol,3,6,1,3,2.0,6.0
449100,Attacker,SWAT-RESERVE,AR,Pistol,3,5,1,3,1.6666666,5.0
449318,Attacker,SAS-RESERVE,AR,SMG,2,6,1,3,2.0,6.0
449914,Defender,GIGN-DOC,SMG,Pistol,2,7,1,3,2.3333333,7.0
449920,Defender,GIGN-ROOK,SMG,Pistol,3,6,1,3,2.0,6.0
449932,Defender,JTAR-FROST,SG,Pistol,1,5,1,2,2.5,5.0
450484,Defender,SWAT-PULSE,SG,Pistol,3,5,1,3,1.6666666,5.0
451197,Defender,G.E.O.-MIRA,SG,Pistol,3,6,1,4,1.5,6.0
451634,Attacker,BOPE-CAPITAO,LMG,Pistol,3,6,1,4,1.5,6.0
451640,Attacker,G.E.O.-JACKAL,AR,Pistol,3,6,1,3,2.0,6.0
451721,Defender,GIGN-ROOK,SMG,Pistol,2,5,1,2,2.5,5.0
451915,Attacker,SWAT-THERMITE,SG,Pistol,2,5,1,3,1.6666666,5.0
452176,Attacker,SWAT-RESERVE,AR,Pistol,3,5,1,3,1.6666666,5.0
452210,Defender,GIGN-DOC,SG,Pistol,3,6,1,3,2.0,6.0
452213,Defender,GIGN-RESERVE,SMG,Pistol,3,5,1,3,1.6666666,5.0
453488,Attacker,G.E.O.-JACKAL,AR,SG,5,11,1,6,1.8333334,11.0
453607,Defender,SWAT-CASTLE,SMG,Pistol,5,10,2,6,1.6666666,5.0
453950,Attacker,GIGN-TWITCH,SG,Pistol,1,5,1,2,2.5,5.0
454045,Attacker,SWAT-THERMITE,SG,Pistol,1,5,1,2,2.5,5.0
456372,Attacker,GIGN-RESERVE,SG,Pistol,3,5,1,3,1.6666666,5.0
457055,Attacker,SWAT-RESERVE,AR,Pistol,2,5,1,3,1.6666666,5.0
457264,Attacker,SWAT-ASH,AR,Pistol,4,7,1,5,1.4,7.0
457293,Defender,GIGN-ROOK,SMG,Pistol,4,11,1,5,2.2,11.0
457318,Defender,SAT-ECHO,SMG,Pistol,2,5,1,2,2.5,5.0
457330,Defender,SWAT-PULSE,SMG,Pistol,1,5,1,2,2.5,5.0
457815,Defender,SAS-RESERVE,SMG,SMG,3,6,1,3,2.0,6.0
457865,Defender,SWAT-RESERVE,SMG,Pistol,1,5,1,2,2.5,5.0
458389,Defender,SPETSNAZ-TACHANKA,SMG,Pistol,3,6,1,4,1.5,6.0
458790,Attacker,SAS-THATCHER,SG,Pistol,5,7,1,5,1.4,7.0
459001,Attacker,G.E.O.-JACKAL,SMG,SG,7,16,2,9,1.7777778,8.0
459029,Attacker,SAS-SLEDGE,SG,SMG,2,5,1,3,1.6666666,5.0
459095,Defender,SAS-MUTE,SMG,Pistol,3,6,1,4,1.5,6.0
459121,Defender,SWAT-PULSE,SMG,Pistol,3,5,1,3,1.6666666,5.0
460602,Attacker,SWAT-RESERVE,SG,Pistol,2,5,1,3,1.6666666,5.0
460922,Attacker,GIGN-TWITCH,SG,Pistol,2,5,1,3,1.6666666,5.0
461056,Defender,GIGN-RESERVE,SMG,Pistol,2,6,1,3,2.0,6.0
461302,Defender,GIGN-RESERVE,SMG,Pistol,2,5,1,3,1.6666666,5.0
462021,Attacker,SAS-RESERVE,SG,SMG,3,6,1,3,2.0,6.0
462550,Attacker,GSG9-RESERVE,SG,Pistol,2,5,1,3,1.6666666,5.0
462783,Defender,G.E.O.-MIRA,SG,Pistol,3,5,1,3,1.6666666,5.0
462958,Attacker,GSG9-RESERVE,AR,Pistol,3,6,1,3,2.0,6.0
463048,Defender,GIGN-DOC,SG,Pistol,2,5,1,3,1.6666666,5.0
464254,Attacker,GIGN-TWITCH,AR,Pistol,4,11,2,6,1.8333334,5.5
464337,Defender,SAT-ECHO,SMG,SMG,1,5,1,2,2.5,5.0
464658,Attacker,GIGN-TWITCH,AR,Pistol,3,6,1,4,1.5,6.0
464782,Defender,GSG9-JAGER,SG,Pistol,2,7,1,3,2.3333333,7.0
464983,Attacker,SWAT-THERMITE,SG,Pistol,3,7,1,4,1.75,7.0
465481,Attacker,SPETSNAZ-RESERVE,LMG,Pistol,4,11,2,6,1.8333334,5.5
466070,Defender,SAS-SMOKE,SMG,SMG,9,12,2,9,1.3333334,6.0
466084,Defender,SWAT-CASTLE,SG,Pistol,1,5,1,2,2.5,5.0
466134,Attacker,GIGN-TWITCH,SG,Pistol,2,7,1,3,2.3333333,7.0
466421,Attacker,GIGN-TWITCH,SG,Pistol,2,6,1,3,2.0,6.0
466621,Defender,SPETSNAZ-TACHANKA,SG,Pistol,2,5,1,3,1.6666666,5.0
466900,Defender,SPETSNAZ-RESERVE,SMG,Pistol,3,9,1,4,2.25,9.0
467829,Attacker,G.E.O.-JACKAL,AR,SG,6,13,2,8,1.625,6.5
467860,Attacker,SAS-SLEDGE,AR,SMG,3,10,2,5,2.0,5.0
468316,Attacker,SAS-RESERVE,AR,Pistol,0,5,1,1,5.0,5.0
468334,Attacker,SAS-THATCHER,SG,Pistol,2,5,1,3,1.6666666,5.0
468454,Defender,SAS-RESERVE,SMG,SMG,4,6,1,4,1.5,6.0
469687,Attacker,BOPE-CAPITAO,LMG,Pistol,3,6,1,3,2.0,6.0
469737,Attacker,SPETSNAZ-FUZE,AR,Pistol,4,10,2,5,2.0,5.0
470192,Attacker,SPETSNAZ-FUZE,LMG,Pistol,2,5,1,2,2.5,5.0
470353,Defender,SWAT-RESERVE,SG,Pistol,2,5,1,3,1.6666666,5.0
471569,Attacker,SPETSNAZ-FUZE,LMG,Pistol,2,5,1,2,2.5,5.0
471637,Defender,SAS-SMOKE,SG,SMG,9,16,3,11,1.4545455,5.3333335
471873,Defender,SAS-RESERVE,SG,Pistol,4,6,1,4,1.5,6.0
472238,Attacker,SAS-RESERVE,AR,SMG,3,5,1,3,1.6666666,5.0
472779,Attacker,SAS-RESERVE,AR,Pistol,3,6,1,4,1.5,6.0
473326,Attacker,GSG9-IQ,AR,Pistol,3,5,1,3,1.6666666,5.0
473348,Attacker,SPETSNAZ-FUZE,AR,Pistol,4,11,1,5,2.2,11.0
473369,Defender,BOPE-CAVEIRA,SMG,Pistol,8,16,1,8,2.0,16.0
473676,Defender,SPETSNAZ-RESERVE,SMG,Pistol,3,6,1,3,2.0,6.0
473867,Defender,GSG9-JAGER,SG,Pistol,1,5,1,3,1.6666666,5.0
474217,Defender,SWAT-RESERVE,SG,Pistol,2,5,1,3,1.6666666,5.0
474654,Defender,GIGN-RESERVE,SMG,Pistol,4,6,1,4,1.5,6.0
477373,Attacker,SWAT-RESERVE,SG,Pistol,3,7,1,4,1.75,7.0
478733,Attacker,SWAT-ASH,AR,Pistol,6,10,2,6,1.6666666,5.0
480543,Attacker,G.E.O.-JACKAL,SMG,SG,1,5,1,2,2.5,5.0
481848,Attacker,GIGN-RESERVE,AR,Pistol,6,9,1,6,1.5,9.0
482083,Defender,SPETSNAZ-RESERVE,SG,Pistol,2,5,1,2,2.5,5.0
482418,Attacker,G.E.O.-JACKAL,SMG,Pistol,4,10,2,5,2.0,5.0
482448,Attacker,SAS-THATCHER,AR,Pistol,5,12,1,6,2.0,12.0
482477,Defender,G.E.O.-MIRA,SMG,Pistol,3,6,1,4,1.5,6.0
482480,Defender,GIGN-DOC,SMG,Pistol,3,8,1,4,2.0,8.0
482490,Defender,GSG9-BANDIT,SMG,Pistol,7,18,3,9,2.0,6.0
482515,Defender,SPETSNAZ-KAPKAN,SMG,Pistol,1,5,1,2,2.5,5.0
482525,Defender,SWAT-PULSE,SG,Pistol,3,6,1,3,2.0,6.0
482864,Attacker,GSG9-RESERVE,AR,Pistol,2,7,1,3,2.3333333,7.0
482975,Defender,GIGN-ROOK,SG,Pistol,5,13,2,7,1.8571428,6.5
483033,Defender,SPETSNAZ-RESERVE,SG,Pistol,2,5,1,3,1.6666666,5.0
483061,Defender,SWAT-RESERVE,SMG,Pistol,2,5,1,2,2.5,5.0
483124,Attacker,SAS-RESERVE,AR,SMG,3,10,2,5,2.0,5.0
483459,Attacker,SWAT-RESERVE,SG,Pistol,2,5,1,2,2.5,5.0
483909,Attacker,GIGN-RESERVE,AR,Pistol,2,5,1,3,1.6666666,5.0
483949,Attacker,SAS-RESERVE,AR,Pistol,3,8,1,5,1.6,8.0
484235,Attacker,SWAT-ASH,AR,Pistol,6,15,2,9,1.6666666,7.5
484237,Attacker,SWAT-ASH,AR,Pistol,5,11,2,7,1.5714285,5.5
484291,Defender,SPETSNAZ-KAPKAN,SMG,Pistol,7,16,3,9,1.7777778,5.3333335
485549,Defender,GIGN-RESERVE,SMG,Pistol,3,5,1,3,1.6666666,5.0
485898,Defender,SAS-RESERVE,SG,SMG,5,10,1,6,1.6666666,10.0
485969,Attacker,G.E.O.-JACKAL,AR,SG,3,7,1,3,2.3333333,7.0
486402,Attacker,GIGN-RESERVE,AR,Pistol,1,5,1,2,2.5,5.0
486544,Defender,GIGN-ROOK,SG,Pistol,2,6,1,3,2.0,6.0
487295,Attacker,SWAT-RESERVE,SG,Pistol,1,5,1,2,2.5,5.0
487756,Attacker,G.E.O.-JACKAL,SMG,SG,3,6,1,4,1.5,6.0
487803,Attacker,SWAT-ASH,AR,Pistol,5,12,2,6,2.0,6.0
488191,Attacker,GSG9-RESERVE,AR,Pistol,2,9,1,3,3.0,9.0
488505,Attacker,SPETSNAZ-RESERVE,AR,Pistol,4,7,1,4,1.75,7.0
488693,Attacker,GIGN-RESERVE,AR,Pistol,2,5,1,2,2.5,5.0
489574,Attacker,SPETSNAZ-GLAZ,SR,Pistol,3,6,1,3,2.0,6.0
489923,Defender,SWAT-PULSE,SG,Pistol,3,9,1,4,2.25,9.0
490104,Defender,GSG9-JAGER,SG,Pistol,3,8,1,4,2.0,8.0
491437,Defender,NAVYSEAL-VALKYRIE,SG,Pistol,10,18,3,13,1.3846154,6.0
491475,Defender,SWAT-PULSE,SMG,Pistol,6,13,2,7,1.8571428,6.5
491549,Attacker,SAS-RESERVE,AR,Pistol,2,7,1,3,2.3333333,7.0
491552,Attacker,SAS-RESERVE,AR,SMG,2,5,1,3,1.6666666,5.0
492460,Attacker,SWAT-RESERVE,AR,Pistol,3,9,1,4,2.25,9.0
493219,Attacker,G.E.O.-JACKAL,SMG,Pistol,4,7,1,4,1.75,7.0
493265,Attacker,SPETSNAZ-FUZE,AR,Pistol,3,10,2,5,2.0,5.0
493281,Attacker,SWAT-THERMITE,AR,Pistol,2,5,1,2,2.5,5.0
493297,Defender,GIGN-DOC,SMG,Pistol,2,5,1,2,2.5,5.0
493997,Attacker,SAT-HIBANA,SG,Pistol,1,5,1,2,2.5,5.0
494135,Defender,SAS-RESERVE,SMG,Pistol,4,7,1,5,1.4,7.0
494365,Defender,GIGN-RESERVE,SMG,Pistol,1,6,1,2,3.0,6.0
495091,Attacker,JTAR-BUCK,SR,Pistol,3,6,1,4,1.5,6.0
495148,Defender,GSG9-JAGER,AR,Pistol,5,7,1,5,1.4,7.0
495650,Defender,NAVYSEAL-VALKYRIE,SG,Pistol,1,5,1,2,2.5,5.0
495693,Defender,SWAT-CASTLE,SG,Pistol,4,12,1,5,2.4,12.0
